"Mod Name","ObjectIndex","Editor Id","Name","Morphable","Rank"
"Oblivion.esm","0x016230","AdrianDecaniusFaction","Adrian Decanius Faction",,
"Oblivion.esm","0x01F1A6","AdventurerFaction","Adventurer Faction",,
"Oblivion.esm","0x02F860","AleswellFaction","Aleswell Citizen","Aleswell Citizen","Citizen"
"Oblivion.esm","0x070972","AmantiusAllectusDoor","Amantius Allectus Door Owners","Allectus Home",
"Oblivion.esm","0x0097A4","AmantiusAllectusHouse","Amantius Allectus House","Allectus Home",
"Oblivion.esm","0x035E98","AnvilBeggars","Anvil Beggars","Anvil Beggars",
"Oblivion.esm","0x00A26F","AnvilCastleFaction","Anvil castle residents","Anvil Castle",
"Oblivion.esm","0x009274","AnvilFaction","Anvil Citizen","Anvil Citizen","Citizen"
"Oblivion.esm","0x00A270","AnvilGuards","Anvil guard faction","Anvil Guards",
"Oblivion.esm","0x00BC67","AnvilHarborFaction","Anvil Harborside warehouse","Anvil Warehouse",
"Oblivion.esm","0x0700BF","AnvilSirens","The Anvil Sirens","Anvil Sirens",
"Oblivion.esm","0x04CE52","AnvilStables","Horse Whisperer","Horse Whisperer",
"Oblivion.esm","0x0513BF","AranoFamily","Arano Family","Arano Home",
"Oblivion.esm","0x04D16F","ArcaneUniversity","Arcane University",,
"Oblivion.esm","0x028A84","Arena01","Arena01",,
"Oblivion.esm","0x047C80","ArenaChampionFaction","Arena Champions",,
"Oblivion.esm","0x0299B9","ArenaCombatants","Arena","Arena",
"Oblivion.esm","0x0AED4B","ArenaFanFaction","ArenaFanFaction",,
"Oblivion.esm","0x0A7137","ArenaHopefuls","Arena Hopefuls","Arena Hopefuls",
"Oblivion.esm","0x14683B","ArenaICBloodworksDwellers","Arena Bloodworks Dwellers",,
"Oblivion.esm","0x093CD8","ArenaICMonsters","Imperial City Arena Monster Faction",,
"Oblivion.esm","0x022C9A","ArenaPlayer","Arena Player",,
"Oblivion.esm","0x01E65B","ArenaSpectatorCombatants","Arena Spectator Combatants",,
"Oblivion.esm","0x028A85","ArenaYellowTeam","Arena Yellow Team",,
"Oblivion.esm","0x022BC2","ArenimFamily",,"Arenim Home",
"Oblivion.esm","0x022BC2","ArenimFamily","Arenim Family","Arenim Home",
"Oblivion.esm","0x022BB8","AthramFamily","Athram Family","Athram Home",
"Oblivion.esm","0x01FDC9","AtiusFamily","Atius Family","Atius Home",
"Oblivion.esm","0x00C661","AzaniBlackheartFACTION","Azani Blackheart",,
"Oblivion.esm","0x04CF89","BaenlinsFaction","Baenlin's Faction","Baenlin Home",
"Oblivion.esm","0x0177E3","BanditFaction","Bandit Faction","Bandits",
"Oblivion.esm","0x01FC4E","Bantien","Bantien","Bantien Home",
"Oblivion.esm","0x035E99","Beggars","Beggars","Beggars",
"Oblivion.esm","0x06E7F4","BenirusFaction","BenirusFaction",,
"Oblivion.esm","0x015E98","BestDefenseFaction","IC - Best Defense","Best Defense",
"Oblivion.esm","0x016329","BitandBridleFaction","IC -- Bit and Bridle","Bit and Bridle",
"Oblivion.esm","0x08595C","BlackBowFaction","Black Bow Faction","Black Bow",
"Oblivion.esm","0x06DC2E","BlackHorseCouriers","Black Horse Courier Vendors",,
"Oblivion.esm","0x02FF29","BlackwoodCompanyFACTION","Blackwood Company","Blackwood Company",
"Oblivion.esm","0x06BD2F","BlackwoodHated","Blackwood Hated",,
"Oblivion.esm","0x0274AB","Blades","Blades","Blades",
"Oblivion.esm","0x01EE1E","BladesCG","Character gen Blades faction",,
"Oblivion.esm","0x014C58","BladesSparringFaction","Sparring faction",,
"Oblivion.esm","0x0B167C","BlankenmarchFACTION","Blankenmarch",,
"Oblivion.esm","0x09DB30","BleakersWayFaction","Bleakers Way Faction","Bleakers Way","Citizen"
"Oblivion.esm","0x026AEC","BorderWatchFaction","Border Watch Resident","Border Watch Citizen","Citizen"
"Oblivion.esm","0x035E9A","BravilBeggars","Bravil Beggars","Bravil Beggars",
"Oblivion.esm","0x00A06F","BravilCastleFaction","Bravil Castle faction","Bravil Castle",
"Oblivion.esm","0x02CA32","BravilFaction","Bravil Faction","Bravil Citizen","Citizen"
"Oblivion.esm","0x00A070","BravilGuards","Bravil guards faction","Bravil Guards",
"Oblivion.esm","0x00A071","BravilSkoomaDenFaction","Bravil Skooma Den faction","Bravil Junkies",
"Oblivion.esm","0x04D821","BravilStables","Bravil Stables","Bravil Stables",
"Oblivion.esm","0x026F95","BrindleHomeFACTION","Brindle Home","Brindle Home",
"Oblivion.esm","0x035E4C","BrolusFamilyFaction","Brolus family in Bruma","Brolus Home",
"Oblivion.esm","0x02A083","BruiantFamilyFaction","Bruiant Family Faction","Bruiant Home",
"Oblivion.esm","0x035E9D","BrumaBeggars","Bruma Beggars","Bruma Beggars",
"Oblivion.esm","0x035EBA","BrumaCastleFaction","Bruma Castle","Bruma Castle",
"Oblivion.esm","0x035BEA","BrumaCastleFaction",,"Bruma Castle",
"Oblivion.esm","0x035EA9","BrumaFaction","Bruma Citizens","Bruma Citizens","Citizen"
"Oblivion.esm","0x035EBD","BrumaGuardFaction","Bruma Guards","Bruma Guards",
"Oblivion.esm","0x04D830","BrumaStables","BrumaStables","Bruma Stables",
"Oblivion.esm","0x0A5656","BWCWatersEdgeFACTION","BWC Waters Edge",,
"Oblivion.esm","0x04E86D","CGCreatureFaction","CG Creature Faction",,
"Oblivion.esm","0x04F294","CGDomesticRatFaction","Rats hate the goblins",,
"Oblivion.esm","0x04F295","CGGoblinFaction","CG goblins",,
"Oblivion.esm","0x068456","ChestnutHandy","Chestnut Handy Stables","Chestnut Handy Stables",
"Oblivion.esm","0x035E9C","CheydinhalBeggars","Cheydinhal Peasants and Serfs","Cheydinhal Beggars",
"Oblivion.esm","0x0034B8","CheydinhalBridgeInnFaction","Bruma Cheydinhal Bridge Inn ","Bridge Inn ","Regular"
"Oblivion.esm","0x0034BB","CheydinhalCastleFaction","Cheydinhal Castle","Cheydinhal Castle",
"Oblivion.esm","0x090E31","CheydinhalCorruptGuardsFactionMS10","Cheydinhal Guards","Cheydinhal Guards",
"Oblivion.esm","0x0034BA","CheydinhalFaction","Cheydinhal Citizens","Cheydinhal Citizens","Citizen"
"Oblivion.esm","0x0034B9","CheydinhalGuardFaction","Cheydinhal Guards","Cheydinhal Guards",
"Oblivion.esm","0x04D831","CheydinhalStables","Cheydinhal Stables","Cheydinhal Stables",
"Oblivion.esm","0x035E9B","ChorrolBeggars","Chorrol Beggars","Chorrol Beggars",
"Oblivion.esm","0x02BA98","ChorrolCastleFaction","ChorrolCastleFaction","Chorrol Castle",
"Oblivion.esm","0x028D98","ChorrolFaction","Chorrol Citizen","Chorrol Citizens","Citizen"
"Oblivion.esm","0x029F80","ChorrolGuardFaction","Chorrol Guard Faction","Chorrol Guards",
"Oblivion.esm","0x04D832","ChorrolStables","Chorrol Stables","Chorrol Stables",
"Oblivion.esm","0x0738D5","ClarabellaPirates","Pirates of the Sea Tub Clarabella","Clarabella Pirates",
"Oblivion.esm","0x0A3A4C","ClaudeMaricFaction","Claude Maric's personal faction",,
"Oblivion.esm","0x02AEFA","ClaudeMaricThugFaction","Claude Maric's Thugs",,
"Oblivion.esm","0x071D4E","ClaudisArcadiaFaction","Claudius Arcadia's Faction",,
"Oblivion.esm","0x04B90B","ConjurerFaction","Conjurers","Conjurers",
"Oblivion.esm","0x00A272","CountsArmsFaction","Anvil -- Count's Arms faction","Count's Arms","Regular"
"Oblivion.esm","0x083595","CourierCustomers","Eight Cities Couriers Customers",,
"Oblivion.esm","0x000013","CreatureFaction","Creatures",,
"Oblivion.esm","0x0319C5","CropsfordFaction","Cropsford faction","Cropsford",
"Oblivion.esm","0x01BF5A","DAAzuraFaction","Azura",,
"Oblivion.esm","0x01BF5B","DABoethiaFaction","Boethia Faction",,
"Oblivion.esm","0x01BF5C","DAClavicusVileFaction","Clavicus Vile Faction",,
"Oblivion.esm","0x053FED","DaedraFaction","Oblivion gate daedra",,
"Oblivion.esm","0x05C0F2","DAGenericFaction","DAGenericFaction",,
"Oblivion.esm","0x01BF5D","DAHermaeusMoraFaction","Hermaeus Mora Faction",,
"Oblivion.esm","0x01BF5E","DAHircineFaction","Hircine Faction",,
"Oblivion.esm","0x01ECC7","DalviluFACTIONPeace","Dalvilu FACTION Peace",,
"Oblivion.esm","0x09DB28","DalviluFACTIONWar","Dalvilu FACTION War",,
"Oblivion.esm","0x01BF5F","DAMalacathFaction","Malacath Faction",,
"Oblivion.esm","0x01BF60","DAMephalaFaction","Mephala Faction",,
"Oblivion.esm","0x01BF61","DAMeridiaFaction","Meridia Faction",,
"Oblivion.esm","0x01BF62","DAMolagBalFaction","Molag Bal Faction",,
"Oblivion.esm","0x01EBE2","DANamiraFaction","Namira Faction",,
"Oblivion.esm","0x01BF63","DANocturnalFaction","Nocturnal Faction",,
"Oblivion.esm","0x01BF64","DAPeryiteFaction","Peryite Faction",,
"Oblivion.esm","0x08DD61","DAPeryiteSouls","DAPeryiteSouls",,
"Oblivion.esm","0x049355","Dark02Pirates","Pirates",,
"Oblivion.esm","0x00AB09","Dark06HotelFaction","Dark06 Hotel Faction",,
"Oblivion.esm","0x00BF45","Dark07Mercenaries","Dark07Mercenaries",,
"Oblivion.esm","0x028E39","Dark08WhodunitGuests","The Doomed House Guests",,
"Oblivion.esm","0x009173","DarkBlackHand","The Black Hand",,
"Oblivion.esm","0x02F872","DarkBrotherhood","Dark Brotherhood","Dark Brotherhood",
"Oblivion.esm","0x051788","DarkBrotherhoodElite","Dark Brotherhood Elite",,
"Oblivion.esm","0x064F47","DarkBrotherhoodNoGuard","Dark Brotherhood -- Won't Call Guards",,
"Oblivion.esm","0x0661F9","DarkDislikePlayer","The I Hate the Player Faction!",,
"Oblivion.esm","0x0C9E7B","DarkEvil","Dark Brotherhood Generic Evil Faction",,
"Oblivion.esm","0x0C489D","DarkPlayaHata","Dark Brotherhood Player Hate Faction",,
"Oblivion.esm","0x026DE8","DarkPlayer","Dark Brotherhood Player Secret Faction",,
"Oblivion.esm","0x07096B","DarkPurification","Purification Faction",,
"Oblivion.esm","0x09072B","DarkRitualFaction","DarkBrotherhoodRitualFaction",,
"Oblivion.esm","0x06D677","DarkSancDwellers","Dark Brotherhood Sanctuary Dwellers",,
"Oblivion.esm","0x073A6E","DarkShadowmereFaction","Shadowmere's Faction",,
"Oblivion.esm","0x0738D4","DarkShuraviAndCaeliaFaction","Shuravi and Caelia's Faction",,
"Oblivion.esm","0x09E651","DarkUnderling","Dark Brotherhood Underlings",,
"Oblivion.esm","0x026DE9","DarkWrathFaction","The Wrath of Sithis Secret Faction",,
"Oblivion.esm","0x01BF65","DASanguineFaction","Sanguine Faction",,
"Oblivion.esm","0x08B60F","DASanguineNakedFACTION","DASanguineNaked",,
"Oblivion.esm","0x01BF66","DASheogorathFaction","Sheogorath Faction",,
"Oblivion.esm","0x098287","DAUnicornFaction","Unicorn Faction",,
"Oblivion.esm","0x01BF67","DAVaerminaFaction","Vaermina Faction",,
"Oblivion.esm","0x0904E3","DBNoGuards","Dark Brotherhood No Guards Allowed Club",,
"Oblivion.esm","0x06653B","DontonFaction","Dontons","Donton Home",
"Oblivion.esm","0x02A07B","DoranFamilyFaction","DoranFamilyFaction","Doran Home",
"Oblivion.esm","0x016234","DovynArenFaction","Dovyn Aren Faction",,
"Oblivion.esm","0x06C46B","DraconisFamilyFaction","Draconis Family Faction",,
"Oblivion.esm","0x098288","DradFaction","DradFaction",,
"Oblivion.esm","0x03E9A6","DremoraFaction","Kyn","Kyn",
"Oblivion.esm","0x00A248","DrofahrFaction","Dro'fahr Faction",,
"Oblivion.esm","0x01622F","DulgroShugFaction","DulgroShug Faction","Dulgro Shug Home",
"Oblivion.esm","0x0150BC","EmperorFaction","Emperor faction, for Uriel and Martin",,
"Oblivion.esm","0x00A284","EnilrothFaction","Anvil - Enilroth lovers faction",,
"Oblivion.esm","0x086577","EscapedPrisoner","Escaped Prisoner",,
"Oblivion.esm","0x0732B8","EverscampFaction","Everscamp Faction",,
"Oblivion.esm","0x0C45B2","EvilSolo","Evil -- no affiliation",,
"Oblivion.esm","0x017607","FathisUlesFaction","Fathis Ules Faction","Fathis Ules Home",
"Oblivion.esm","0x0A9689","Fences","Fences",,
"Oblivion.esm","0x04ED92","FGC03HrotaThieves","FGC03 Hrota Thieves",,
"Oblivion.esm","0x04A997","FGC06GoblinFaction","FGC06 Goblins",,
"Oblivion.esm","0x098171","FGD08Goblins","FGD08GoblinFaction",,
"Oblivion.esm","0x071099","FGDDrunks","FGDDrunks",,
"Oblivion.esm","0x02228F","FightersGuild","Fighters Guild","Fighters Guild",
"Oblivion.esm","0x009D85","FirstEditionFaction","Faction for First Edition NPCs","First Edition",
"Oblivion.esm","0x035975","FiveClawsLodgeFaction","Five Claws Lodge","Five Claws Lodge",
"Oblivion.esm","0x00A271","FlowingBowlFaction","Anvil Flowing Bowl","Flowing Bowl",
"Oblivion.esm","0x00A274","FocsleFaction","Anvil - Foc'sle faction","Anvil Foc'sle",
"Oblivion.esm","0x01CE9E","ForgottenOnesFACTION","Forgotten Ones",,
"Oblivion.esm","0x058EE8","FortNikelA","Fort Nikel Team A",,
"Oblivion.esm","0x058EE9","FortNikelB","Fort Nikel Team B",,
"Oblivion.esm","0x02A07A","FrancoisMotierreQuestFaction","FrancoisMotierreQuestFaction",,
"Oblivion.esm","0x074A84","GanredhelFaction","Ganredhel",,
"Oblivion.esm","0x0534F2","GenericOwner","Generic Owner",,
"Oblivion.esm","0x01D442","GilenNorvaloHouse","Gilen Norvalo's House Faction","Norvalo Household",
"Oblivion.esm","0x0294D7","GlarthirFaction","Glarthir Faction",,
"Oblivion.esm","0x00A2FE","GoganandMaelonaFaction","Gogan's Family Faction","Gogan Home",
"Oblivion.esm","0x0ACE6C","GottlesfontFaction","Gottlesfont Faction","Gottlesfont Priory",
"Oblivion.esm","0x01D443","GramangroMaradsHouse","Graman gro-Marad's House Faction","Marad Home",
"Oblivion.esm","0x0280B5","HackdirtBrethren","Hackdirt Brethren","Hackdirt Brethren",
"Oblivion.esm","0x0A01AE","HackdirtMonster","Hackdirt monster faction",,
"Oblivion.esm","0x0514C3","HarlunsWatchFaction","Harluns Watch",,
"Oblivion.esm","0x01D444","HastrelOttusHouse","Hastrel Ottus' House Faction","Ottus Home",
"Oblivion.esm","0x066A0A","HavilsteinFaction","Havilstein Hoar-Blood's Secret Faction",,
"Oblivion.esm","0x00A275","HeinrichOakenHullFaction","Anvil - Heinrich Oaken-Hull's house","Oaken-Hull Home",
"Oblivion.esm","0x00CF5A","HenantierFaction","Henantier's Faction","Henantier Home",
"Oblivion.esm","0x016239","HerminiaCinnaFaction","Herminia Cinna Faction",,
"Oblivion.esm","0x035E46","HonmundFaction","Honmund's house in Bruma","Honmund Home",
"Oblivion.esm","0x035E9E","ICBeggars","IC Beggars","IC Beggars",
"Oblivion.esm","0x068452","ICElvenGardensHorse","Elven Gardens Horse",,
"Oblivion.esm","0x009275","ICFaction","IC Citizens","IC Citizens","Citizen"
"Oblivion.esm","0x04D836","ICNEStables","ICNEStables",,
"Oblivion.esm","0x04980E","ICPalaceFaction","IC Palace faction","IC Palace",
"Oblivion.esm","0x04D837","ICSEStables","ICSEStables",,
"Oblivion.esm","0x068454","ICTalosPlazaHorse","Talos Plaza Horse",,
"Oblivion.esm","0x068453","ICTempleDistrictHorse","Temple District Horse",,
"Oblivion.esm","0x03AB39","ICWaterfrontResident","Imperial City Waterfront Resident",,
"Oblivion.esm","0x04D835","ICWestStables","ICWestStables",,
"Oblivion.esm","0x016235","IdaVlinormanFaction","Ida Vlinorman Faction",,
"Oblivion.esm","0x18B117","ImperialLegion","Imperial Legion","Imperial Legion",
"Oblivion.esm","0x06A82C","ImperialLegionBattlemage","Imperial Legion Battlemage",,
"Oblivion.esm","0x0BE545","ImperialLegionFriend","Friend of the Imperial Legion",,
"Oblivion.esm","0x0C4A00","ImperialLegionOutside","Imperial Legion Outside Faction",,
"Oblivion.esm","0x0534F1","ImperialTradingCo","Imperial Trading Company","Imperial Trading Company",
"Oblivion.esm","0x03486F","ImperialWatch","Imperial Watch","Imperial Watch",
"Oblivion.esm","0x01622E","InielSintavFaction","Iniel Sintav Faction","Iniel Sintav Home",
"Oblivion.esm","0x04C05B","InnIllOmenFaction","Inn of Ill Omen","Inn of Ill Omen",
"Oblivion.esm","0x00A276","InventiusFamily","Anvil - Inventius family","Inventius Home",
"Oblivion.esm","0x016231","IreneMetricFaction","Irene Metric Faction",,
"Oblivion.esm","0x09DE83","ItiusHaynFriends","Friends of Itius Hayn",,
"Oblivion.esm","0x01C452","Jailor","Jailors",,
"Oblivion.esm","0x0477E2","JairFamily","Jair Family","Jair Home",
"Oblivion.esm","0x01FDCA","JakbenFamily","Jakben Family","Jakben Home",
"Oblivion.esm","0x00A0AA","JanusHassildorFaction","Janus Hassildor Faction",,
"Oblivion.esm","0x017604","JastiaSintavFaction","Jastia Sintav Faction","Jastia Sintav Home",
"Oblivion.esm","0x035976","JBariFaction","JBari House","JBari Home",
"Oblivion.esm","0x02A082","JemaneFamilyFaction","Jemane Family Faction","Jemane Home",
"Oblivion.esm","0x035E41","JerallViewFaction","Jerall View in Bruma","Jerall View",
"Oblivion.esm","0x00A278","JesanSextiusFaction","Anvil - Jesan Sextius faction","Sextius Home",
"Oblivion.esm","0x002676","KaltharPetFaction","Kalthar Pet Faction",,
"Oblivion.esm","0x017602","KastusSintavFaction","Kastus Sintav Faction","Kastus Sintav Home",
"Oblivion.esm","0x0335B0","KnightsThornFaction","Knights of the Thorn","Knights of the Thorn",
"Oblivion.esm","0x0908C0","KnightsWhiteStallion","Knights of the White Stallion","Knights of the White Stallion",
"Oblivion.esm","0x0699F8","KvatchChapelRefugees","Refugees in the Kvatch Chapel",,
"Oblivion.esm","0x090AC0","KvatchCreatures","Kvatch Creatures",,
"Oblivion.esm","0x03B3F6","KvatchFaction","Kvatch citizens","Kvatch Citizens","Citizen"
"Oblivion.esm","0x0224D7","KvatchGuards","Kvatch Guards","Kvatch Guards",
"Oblivion.esm","0x0477E1","KvinchalFamily","Kvinchal Family","Kvinchal Home",
"Oblivion.esm","0x035E9F","LeyawiinBeggars","Leyawiin Beggars","Leyawiin Beggars",
"Oblivion.esm","0x009D8B","LeyawiinBestGoodsAndGuaranteesFactions","Best Goods and Guarantees Merchants","Best Goods and Guarantees",
"Oblivion.esm","0x0338ED","LeyawiinCastleFaction","Leyawiin Castle Faction","Leyawiin Castle",
"Oblivion.esm","0x0338EC","LeyawiinFaction","Leyawiin Faction","Leyawiin Citizens","Citizen"
"Oblivion.esm","0x034E70","LeyawiinGuards","Leyawiin Guard faction","Leyawiin Guards",
"Oblivion.esm","0x0359D0","LeyawiinNobleFaction","People who live in the Private Quarters","Leyawiin Nobles",
"Oblivion.esm","0x04D833","LeyawiinStables","Leyawiin Stables","Leyawiin Stables",
"Oblivion.esm","0x00C3F4","LeyawiinTheDividingLineFaction","Owner and Employee of The Dividing Line","The Dividing Lines",
"Oblivion.esm","0x05D557","LichFaction","Lich Faction",,
"Oblivion.esm","0x035E4A","LirrianFamilyFaction","Lirrian family in Bruma","Lirrian Home",
"Oblivion.esm","0x029F81","LitteFamily","Litte Family","Litte Home",
"Oblivion.esm","0x00A072","LocheFaction","Bravil Loche family","Loche Home",
"Oblivion.esm","0x00A06D","LonelySuitorFaction","Bravil - Lonely Suitor Lodge faction","Lonely Suitor Lodge",
"Oblivion.esm","0x09F987","LordDradFaction","Lord Drad Faction","Lord Drad Mansion",
"Oblivion.esm","0x06AB3E","LucienLachanceDungeon","Lachance Dungeon Faction",,
"Oblivion.esm","0x00AA01","LuronkFriends","LuronkFriends","Glurzog Home",
"Oblivion.esm","0x016233","LutherBroadBoardingHouseFaction","Luther Broad Boarding House Faction","Luther Broad Boarding House",
"Oblivion.esm","0x0C5C47","LythandasFaction","Lythandas Family","Lythandas Home",
"Oblivion.esm","0x069476","MageConvGuild","Mage Conversation Guild",,
"Oblivion.esm","0x022296","MagesGuild","Mages Guild","Mages Guild",
"Oblivion.esm","0x035974","MaheiFamilyFaction","Mahei Family","Mahei Home",
"Oblivion.esm","0x09F986","MalacathOgreFaction","Malacath Ogre Faction",,
"Oblivion.esm","0x00558C","ManheimRufioFaction","Manheim and Rufio Faction",,
"Oblivion.esm","0x097CAD","MankarCamoranFaction","Mankar Camoran faction",,
"Oblivion.esm","0x035FD1","MarauderFaction","Marauder Faction","Marauders",
"Oblivion.esm","0x035977","MargarteFaction","Margarte Faction","Margarte Home",
"Oblivion.esm","0x022B6F","MarillinFamily","Marillin Family","Marillin Home",
"Oblivion.esm","0x016236","MarinusCatiotusFaction","Marinus Catiotus Faction",,
"Oblivion.esm","0x0904D7","MartinFaction","Martin's faction",,
"Oblivion.esm","0x022BBC","MatthiasDraconisFaction","MatthiasDraconis Faction","Dracnis Home",
"Oblivion.esm","0x0908AB","MazogaFriend","Mazoga Friend",,
"Oblivion.esm","0x05202E","MethredhelHouseFaction","Methredhel's House","Methredhel Home",
"Oblivion.esm","0x095031","MG12ZombieFaction","Mucianus Zombie Faction",,
"Oblivion.esm","0x06C270","MG13VampireHunters","Vampire Hunters",,
"Oblivion.esm","0x0C48A1","MG16FortOntusMageFaction","Fort Ontus Mage Faction",,
"Oblivion.esm","0x085956","MogensWindshifterFaction","Mogens Wind-Shifter Faction",,
"Oblivion.esm","0x00A273","MorvaynFaction","Anvil - Morvayn's store faction","Marvayn's Peacemakers",
"Oblivion.esm","0x00C55C","MothCaretakers","Moth Caretakers","Moth Caretakers",
"Oblivion.esm","0x093CC7","MothPriests","Moth Priests","Moth Priests",
"Oblivion.esm","0x03EAC5","MQ06MythicDawnShrineFaction","Used for MQ06 dialogue conditions",,
"Oblivion.esm","0x0E78E3","MQ09BladesFaction","For ghost blades in Sancre Tor",,
"Oblivion.esm","0x0981BD","MQ10AlliesFaction","MQ10 allies",,
"Oblivion.esm","0x032B94","MQ12Goblins","MQ12 Goblin Faction",,
"Oblivion.esm","0x032B93","MQ12Undead","MQ12 Undead Faction",,
"Oblivion.esm","0x0272BF","MQ13BattleAllies","MQ13 allies faction",,
"Oblivion.esm","0x03AB88","MQ13DaedraFaction","MQ13 Daedra faction",,
"Oblivion.esm","0x03CD27","MQ15EnemyFaction","Put the player or anyone hated in this faction",,
"Oblivion.esm","0x03CD11","MQ15GuardFaction","All the dremora guards and torturers",,
"Oblivion.esm","0x047221","MQ15ImmortalFaction","Mythic Dawn immortals in the Garden",,
"Oblivion.esm","0x0872CE","MQ15KathutetFaction","Kathutet's personal faction",,
"Oblivion.esm","0x03CD12","MQ15MonsterFaction","Daedra monsters in the caves",,
"Oblivion.esm","0x085725","MQ15MythicDawnFactionA","Mankar Camoran lovers",,
"Oblivion.esm","0x08573D","MQ15MythicDawnFactionB","Tired of being in the Eternal Garden",,
"Oblivion.esm","0x08573E","MQ15MythicDawnFactionC","Mankar Camoran haters",,
"Oblivion.esm","0x03CD10","MQ15PrisonerFaction","Anyone wearing Bands of the Chosen",,
"Oblivion.esm","0x0477C7","MQ15WildlifeFaction","Nobody hates deer",,
"Oblivion.esm","0x04CE4D","MQ16AlliesFaction","Faction for all friendlies in MQ16",,
"Oblivion.esm","0x0152EB","MQ16DaedraFaction","Mehrunes Dagon faction",,
"Oblivion.esm","0x0ADD4B","MQEndFaction","Order of the Dragon","Order of the Dragon",
"Oblivion.esm","0x0CD329","MS08KurdanFaction","Kurdan gro-Dragol's Faction of EEEEvil",,
"Oblivion.esm","0x053792","MS09TyrelliusEvilFaction","Tyrellius is Evil Faction",,
"Oblivion.esm","0x07C3AB","MS12Deadite","Deadite",,
"Oblivion.esm","0x08FD00","MS13OblivionFriendsFaction","Oblivion Pals",,
"Oblivion.esm","0x0A9445","MS27AlliesFaction","MS27 dungeon crawl friends",,
"Oblivion.esm","0x01CE2C","MS29AgarmirFaction","Agarmir's Faction",,
"Oblivion.esm","0x0146C3","MS31HatePlayer","MS31 Blackwater Brigands",,
"Oblivion.esm","0x09EA90","MS45PrisonerFaction","Prisoner of Hackdirt Brethren",,
"Oblivion.esm","0x0C6C77","MS47AncotarFaction","Ancotar's faction",,
"Oblivion.esm","0x0C6C76","MS47CreatureFaction","Faction for creatures friendly to Ancotar",,
"Oblivion.esm","0x029F82","MythicDawn","Mythic Dawn",,
"Oblivion.esm","0x097CAE","MythicDawnAssassins","Faction for roving MD assassins",,
"Oblivion.esm","0x014A20","MythicDawnCG","Mythic Dawn for CG",,
"Oblivion.esm","0x0227BC","MythicDawnCGAssassin","Faction for final MD assassin in CG",,
"Oblivion.esm","0x0272BE","MythicDawnPrisoner","Mythic Dawn prisoner faction",,
"Oblivion.esm","0x04B90C","NecromancerDungeon","Necromancers","Necromancers",
"Oblivion.esm","0x00C0F2","NecromancerFaction","Necromancers Cult","Necromancers Cult",
"Oblivion.esm","0x0A9339","NenalataFaction","Nenalata Undead faction",,
"Oblivion.esm","0x00A279","NewheimFaction","Anvil - Newheim faction","Newheim Home",
"Oblivion.esm","0x0034B7","NewlandsLodgeFaction","Cheydinhal Newslands Lodge","Newlands Lodge",
"Oblivion.esm","0x0223BC","NineDivines","Nine Divines","Nine Divines",
"Oblivion.esm","0x022431","Nobility","Nobility","Nobility",
"Oblivion.esm","0x035E42","NordWindsFaction","Nord Winds in Bruma","Nord Winds",
"Oblivion.esm","0x04872D","OblivionCreatures","Oblivion Creatures",,
"Oblivion.esm","0x027531","OdiilFamily","Odiil Family","Odiil Home",
"Oblivion.esm","0x053FEC","OGSoldiers","Soldiers at Oblivion gates",,
"Oblivion.esm","0x035EAB","OlavsTapFaction","Olav's Tap in Bruma","Olav's Tap",
"Oblivion.esm","0x022BB7","OntusVaninFaction","Ontus Vanin",,
"Oblivion.esm","0x0980DD","OrderoftheVirtuousBlood","Order of the Virtuous Blood","Order of the Virtuous Blood",
"Oblivion.esm","0x0034BE","OrumFaction","Cheydinhal Orum's Gang","Orum Gang",
"Oblivion.esm","0x016237","OthrelosFaction","Othrelos Faction","Othrelos Home",
"Oblivion.esm","0x026B12","PellsGateFACTION","Pells Gate","Pells Gate","Citizen"
"Oblivion.esm","0x01DBCD","PlayerFaction","Player Faction",,
"Oblivion.esm","0x00A319","PlayerVampireFaction","Player Vampire Faction",,
"Oblivion.esm","0x035979","PlotiusFamilyFaction","Plotius Family","Plotius Home",
"Oblivion.esm","0x05D556","Prey","Prey creatures",,
"Oblivion.esm","0x091ADB","Prisoners","Prisoners",,
"Oblivion.esm","0x01FDC8","RajiradhsPride","Ra'jiradh's Price","Ra'jiradh Home",
"Oblivion.esm","0x038BB4","RaynilFaction","Raynil Dralas Faction",,
"Oblivion.esm","0x035E52","RegnerFaction","Regner's house in Bruma","Regner Home",
"Oblivion.esm","0x02C816","RenrijraKrinFaction","Renrijra Krin Faction",,
"Oblivion.esm","0x0034BF","RiverviewFaction","Cheydinhal Riverview faction","Riverview Home",
"Oblivion.esm","0x0175FE","RodericPierraneFaction","Roderic Pierrane Faction",,
"Oblivion.esm","0x04A98C","RohssansFamily","Rohssan's Family","Rohssan's Home",
"Oblivion.esm","0x030017","RoxeyInnFaction","Roxey Inn faction","Roxey Inn",
"Oblivion.esm","0x01D446","SalomonGeonettesHouse","Salomon Geonette's House Faction","Geonette Home",
"Oblivion.esm","0x067713","SE03Adventurers","Xedilian Adventurers",,
"Oblivion.esm","0x01985C","SE03KnightsHatePlayer","Knights Hate Player for SE03",,
"Oblivion.esm","0x030FFF","SE03XedChallengeCreatures","XedilianChallengeCreatures",,
"Oblivion.esm","0x0432B7","SE03XedilianFaction","Xedilian Faction",,
"Oblivion.esm","0x08EF84","SE04FelldewAddicts","Felldew Addicts","Felldew",
"Oblivion.esm","0x019F10","SE05MuurineFaction","Muurine Family Faction","Muurine Home",
"Oblivion.esm","0x0120F1","SE06DarkSeducerFaction","Mazken",,
"Oblivion.esm","0x0120F0","SE06GoldenSaintFaction","Aureal",,
"Oblivion.esm","0x07E0CB","SE07DementiaHouseFaction","House of Dementia Faction",,
"Oblivion.esm","0x07B3A5","SE07GreenmoteSiloFaction","Greenmote Silo Faction",,
"Oblivion.esm","0x056036","SE07ManiaHouseFaction","House of Mania Faction",,
"Oblivion.esm","0x017961","SE08DarkSeducerFaction","SE08 Dark Seducer Faction",,
"Oblivion.esm","0x017960","SE08GoldenSaintFaction","SE08 Golden Saint Faction",,
"Oblivion.esm","0x0437E3","SE09BattlingCreatureFaction01","SE 09 Battling Creature Faction",,
"Oblivion.esm","0x04FC60","SE09GatekeeperPlayerFaction","Faction to make the Gatekeeper like the player",,
"Oblivion.esm","0x04FC5F","SE09SpecialCombatFaction","SE09SpecialCombatFaction",,
"Oblivion.esm","0x016B68","SE11ApostleFaction","SE11 Apostle Faction",,
"Oblivion.esm","0x016B67","SE11ApostleFactionPlayer","SE11 Apostle Faction - Player",,
"Oblivion.esm","0x016B84","SE11ApostleTraitorFaction","SE11 Apostle Traitor Faction",,
"Oblivion.esm","0x016B69","SE11CiirtaFaction","SE11 Ciirta",,
"Oblivion.esm","0x0136EF","SE12GnarlFaction","SE12 Gnarl faction",,
"Oblivion.esm","0x01A78D","SE12OrderedGnarlFaction","Faction for ordered gnarls",,
"Oblivion.esm","0x0136EE","SE12OrderFaction","Order",,
"Oblivion.esm","0x01AC88","SE13AlliesFaction","Player's allies in SE13 battle",,
"Oblivion.esm","0x0120DF","SE32FanaticFaction","Fanatic Invaders",,
"Oblivion.esm","0x08EFC3","SE32Revelers","Vitharn Revelers",,
"Oblivion.esm","0x0120D8","SE32VitharnFaction","Vitharn Citizen",,
"Oblivion.esm","0x05F33B","SEAichanEnviousGrummiteFaction","Aichan Envious Grummite Faction",,
"Oblivion.esm","0x079108","SEAmiableFanrienesHouseFaction","SEAmiableFanrienesHouseFaction",,
"Oblivion.esm","0x0452FF","SEBaliwogFaction","Baliwog Faction",,
"Oblivion.esm","0x08DCB6","SEBelmyneFaction","BelmyneFaction",,
"Oblivion.esm","0x046917","SEBlackrootGnarlFaction","Blackroot Lair Gnarl Faction",,
"Oblivion.esm","0x046924","SEBlackrootGnarlPrisoner","Blackroot Lair Gnarl Prisoner",,
"Oblivion.esm","0x046916","SEBlackrootGrummites","Blackroot Lair Grummite Faction",,
"Oblivion.esm","0x081E0C","SEBooksOfBlissFaction","Books of Bliss",,
"Oblivion.esm","0x078FDB","SEChoosyBeggarFaction","Choosy Beggar Faction",,
"Oblivion.esm","0x08E091","SECorpserotDancingGrummites","Corpserot Arena Fans",,
"Oblivion.esm","0x05A8C6","SECorpserotFaction","Corpserot Prison Faction",,
"Oblivion.esm","0x06A7FC","SECourtofMadnessFaction","Court of Madness",,
"Oblivion.esm","0x012090","SEDarkSeducerFaction","Mazken","Mazken",
"Oblivion.esm","0x01557C","SEDeepwallowFaction","Deepwallow Citizen","Deepwallow Citizen","Citizen"
"Oblivion.esm","0x01AD46","SEDementiaFaction","Dementia Faction",,
"Oblivion.esm","0x029F83","SeedNeeusFamily","Seed-Neeus Family","Seed-Neeus Home",
"Oblivion.esm","0x045301","SEElytraFaction","Elytra Faction",,
"Oblivion.esm","0x01557E","SEFellmoorFaction","Fellmoor Citizen","Fellmoor Citizen","Citizen"
"Oblivion.esm","0x019D51","SEGatekeeperFaction","Faction friendly to the Gatekeeper",,
"Oblivion.esm","0x0452FE","SEGnarlFaction","Gnarl Faction",,
"Oblivion.esm","0x012091","SEGoldenSaintFaction","Aureal","Aureal",
"Oblivion.esm","0x045302","SEGrummiteFaction","Grummite Faction",,
"Oblivion.esm","0x080795","SEGuards","Seducer and Saint guard, used for getting right voice",,
"Oblivion.esm","0x015582","SEHaleFaction","Hale Citizen","Hale Citizen","Citizen"
"Oblivion.esm","0x04117C","SEHeretic","Heretic Faction",,
"Oblivion.esm","0x01557D","SEHighcrossFaction","Highcross Citizen","Highcross Citizen","Citizen"
"Oblivion.esm","0x061BD4","SEHirrusClutumnusHouseFaction","Hirrus Clutumnus",,
"Oblivion.esm","0x045303","SEHungerFaction","Hunger Faction",,
"Oblivion.esm","0x092B1E","SEJyggalagFaction","For identifying Jyggalag",,
"Oblivion.esm","0x01AD45","SEManiaFaction","Mania Faction",,
"Oblivion.esm","0x04530B","SEMiriliCreature","Mirili Ulven's Creatures",,
"Oblivion.esm","0x01557F","SENewSheothBliss","Bliss Citizen","Bliss Citizen","Citizen"
"Oblivion.esm","0x015580","SENewSheothCrucible","Crucible Citizen","Crucible Citizen","Citizen"
"Oblivion.esm","0x013A69","SENewSheothFaction","Citizen of New Sheoth","New Sheoth Citizen","Citizen"
"Oblivion.esm","0x0134D4","SEOrderFaction","Order",,
"Oblivion.esm","0x019A2E","SEOrderKnightRespawnFaction","Respawnable knights have this faction",,
"Oblivion.esm","0x0134D3","SEOrderPriestFaction","Priest of Order",,
"Oblivion.esm","0x01AC83","SEOrderPriestFactionA","Faction for A priests",,
"Oblivion.esm","0x04301B","SEPasswallFaction","Paswall","Passwall",
"Oblivion.esm","0x041F68","SEPasswallNanettesHouseFaction","ownership for SEPasswallNanettesHouse",,
"Oblivion.esm","0x015583","SERavenBiterFaction","Raven-biter household",,
"Oblivion.esm","0x046F5A","SERelmynaSactumBackdoorFaction","Faction to let Relmyna and Nanette Don use the back door to Xaselm04",,
"Oblivion.esm","0x01B067","SERelmynaSanctumFaction","needed to get through door into Xaselm04",,
"Oblivion.esm","0x1853FE","SerethiSistersDislikeFaction","Aleswell -- people Serethi sisters dislike",,
"Oblivion.esm","0x0301EC","SerethiSistersFaction","Serethi sisters (Aleswell)","Serethi Sisters",
"Oblivion.esm","0x0051AD","SeridurEvilFaction","Seridur Is Evil Faction",,
"Oblivion.esm","0x0947B9","SeridurHouseFaction","Seridur House Faction","Seridur Home",
"Oblivion.esm","0x080D18","SERooftopClubFaction","Rooftop Club","Rooftop Club",
"Oblivion.esm","0x00A27A","SerpentsWakeFaction","Anvil - The Serpent's Wake faction","Serpent's Wake",
"Oblivion.esm","0x045304","SEScalonFaction","Scalon Faction",,
"Oblivion.esm","0x045305","SEShamblesFaction","Shambles Faction",,
"Oblivion.esm","0x045763","SESheogorathPalaceFaction","Faction for all NPCs in Sheogorath's palace",,
"Oblivion.esm","0x089642","SESplitDementia","Split Dementia",,
"Oblivion.esm","0x041F5D","SESplitDementiaJzidzosHouseFaction","Cell owner ship for SESplitDementiaJzidzosHouse",,
"Oblivion.esm","0x015581","SESplitFaction","Split Citizen","Split Citizen","Citizen"
"Oblivion.esm","0x089641","SESplitMania","Split Mania",,
"Oblivion.esm","0x041F5E","SESplitManiaJzidzosHouseFaction","Cell owner ship for SESplitDementiaJzidzosHouse",,
"Oblivion.esm","0x072D9F","SEUshnarFaction","Ushnar Faction",,
"Oblivion.esm","0x041D8F","SEYngvarFaction","Faction for SEYngvar",,
"Oblivion.esm","0x04117B","SEZealot","Zealot Faction",,
"Oblivion.esm","0x00A06E","SilverhomeFaction","Bravil - Silverhome faction","Silverhome",
"Oblivion.esm","0x016232","SintavFamily","Sintav Family","Sintav Home",
"Oblivion.esm","0x035EA0","SkingradBeggars","Skingrad Beggars","Skingrad Beggars",
"Oblivion.esm","0x02A09C","SkingradCastleFaction","Skingrad Castle Faction","Skingrad Castle",
"Oblivion.esm","0x028E77","SkingradFaction","Skingrad Citizen","Skingrad Citizen","Citizen"
"Oblivion.esm","0x02A819","SkingradGuardFaction","Skingrad Guards","Skingrad Guards",
"Oblivion.esm","0x04D834","SkingradStables","Skingrad Stables","Skingrad Stables",
"Oblivion.esm","0x00525B","SleepingMareFaction","Sleeping Mare Faction","Sleeping Mare",
"Oblivion.esm","0x033EDD","StealthTestDudes","Stealth Test Guards",,
"Oblivion.esm","0x02A09D","SurilieBrothers","Surilie Brothers Faction","Surilie Home",
"Oblivion.esm","0x01D447","SuriusAfraniusHouse","Surius Afranius' House Faction","Afranius Home",
"Oblivion.esm","0x03C259","TamikaWineryFaction","Tamika Winery Faction",,
"Oblivion.esm","0x016238","TertiusFavoniusFaction","Tertius Favonius Faction","Favonius Home",
"Oblivion.esm","0x01FDC7","ThamrielFaction","Thamriel's House","Thamriel Home",
"Oblivion.esm","0x014F91","TharronPetFaction","Thaurron Pet Faction",,
"Oblivion.esm","0x01D441","TheAllSaintsInn","The All Saints Inn Faction",,
"Oblivion.esm","0x0256E4","TheBlackwoodCompany","The Blackwood Company",,
"Oblivion.esm","0x024164","ThievesGuild","Thieves Guild","Thieves Guild",
"Oblivion.esm","0x015E99","ThreeBrothersFaction","IC - Three Brothers","Three Brothers",
"Oblivion.esm","0x03528F","ThreeSistersFaction","Three Sisters","Three Sisters",
"Oblivion.esm","0x00C695","TiberSeptimHotelFaction","Tiber Septim Hotel faction (IC)","Tiber Septim Hotel",
"Oblivion.esm","0x02A09E","TwoSisters","Two Sisters Faction","Two Sisters",
"Oblivion.esm","0x01ECCD","UlfgarFACTIONPeace","Ulfgar FACTION Peace","Ulfgar Family",
"Oblivion.esm","0x09DB29","UlfgarFACTIONWar","UlfgarFACTIONWar","Ulfgar Family",
"Oblivion.esm","0x02AB4D","UmbacanoFaction","Umbacano Faction","Umbacano Home",
"Oblivion.esm","0x09DB1F","UndeadFaction","Undead",,
"Oblivion.esm","0x000F9A","ValenDrethFaction","Valen Dreth's EEEVIL faction",,
"Oblivion.esm","0x033F53","VampireFaction","Vampire Faction",,
"Oblivion.esm","0x00555F","VeyondCaveBandits","Veyond Bandits",,
"Oblivion.esm","0x0327B9","WatersEdgeFaction","Waters Edge","Waters Edge",
"Oblivion.esm","0x035978","WeebamNaFaction","Weebam No","Weebam Na Home",
"Oblivion.esm","0x02A09F","WestWealdInn","West Weald Inn (Skingrad)","West Weald Inn",
"Oblivion.esm","0x04E883","WeynonPrioryFaction","Weynon Priory Citizen",,
"Oblivion.esm","0x0034BC","WillowBankFaction","Cheydinhal Willow Bank","Willow Bank",
"Oblivion.esm","0x00A951","WormAnchoriteFaction","Worm Anchorite Faction","Worm Anchorite",
"Oscuro's_Oblivion_Overhaul.esm","0x00491B","AmazonFaction","Amazons","Amazons",
"Oscuro's_Oblivion_Overhaul.esm","0x00722E","ArgonianBlackMarshFaction","Black Marsh Smuggler Faction","Black Marsh Smugglers",
"Oscuro's_Oblivion_Overhaul.esm","0x038D56","ArgonianPrisonerFaction","We Are Screwed Faction",,
"Oscuro's_Oblivion_Overhaul.esm","0x04A32F","ArgonianPrisonerFaction2","We Are SO Fooked Dude Faction",,
"Oscuro's_Oblivion_Overhaul.esm","0x04A083","GenericLikesCreatures","OOO's Faction for NPCs In Progress",,
"Oscuro's_Oblivion_Overhaul.esm","0x03D332","GhostWarriors","Spectral Warriors",,
"Oscuro's_Oblivion_Overhaul.esm","0x052EB6","OMPRoamingTraderFaction","Compatibility Faction for Tamriel's Traverlers",,
"Oscuro's_Oblivion_Overhaul.esm","0x029CB3","RohssanGuardian","Rohssan's Bitch",,
"Oscuro's_Oblivion_Overhaul.esm","0x007064","SlaveTraderFaction","Slave Traders","Slave Traders",
"Oscuro's_Oblivion_Overhaul.esm","0x03004E","UmbacanoGuardians","We Dumb Faction",,
"Oscuro's_Oblivion_Overhaul.esm","0x004E16","ValenBosmer","ValenWood Bosmer",,
"Oscuro's_Oblivion_Overhaul.esm","0x00779E","ValenBosmerGood","Bosmer Protectors","Bosmer Protectors",
,,,,,
"Cobl Main.esm","0x0072C0","cobSalSalmoFamily","Salmo Bakery","Salmo Bakery",
,,,,,
"xulBravilBarrowfields.esp","0x027AEF","PumkinHeadFarmers","NO NAME","Pumpkinhead Family",
"xulBravilBarrowfields.esp","0x0288B9","RavenwatchFarmers","NO NAME","Boggat Family",
"xulChorrolHinterland.esp","0x000D19","CJMPrioryFaction","CJMPrioryFaction","Chorrol Constables",
"xulRollingHills_EV_withoutWheat.esp","0x00B85F","xulrhFarmerFaction","xulrhFarmers","Rolling Hills Farmers",
,,,,,
"road+bridges.esp","0x00087D","NRB4HalfwayInnFaction","Halfway Inn","Halfway Inn",
,,,,,
"Kragenir's Death Quest.esp","0x0D08B2","povssCluttermonkeyFaction","Cluttermonkey Guild","Cluttermonkey Guild",
"Kragenir's Death Quest.esp","0x0C6418","povssPlayerHateFaction","Because everyone hates you","Because everyone hates you",
"Kragenir's Death Quest.esp","0x09C77C","povssknightghostfaction","Knights of the Silver Nose Faction","",
"Kragenir's Death Quest.esp","0x09C77D","povsskragenirfaction","Kragenir Faction","",
"Kragenir's Death Quest.esp","0x0A268B","povssbuffyfaction","Buffy's Faction","",
"Kragenir's Death Quest.esp","0x10CA6D","povcamillafaction","Camilla's faction","",
"Kragenir's Death Quest.esp","0x10D823","povsscamillafaction","Vamps love Camilla","",
,,,,,
"bartholm.esp","0x00BA9B","BHNewlandsLodgeFaction","Bartholm Newlands Lodge Faction","Lodge Faction",
"bartholm.esp","0x048AFA","BartholmArenaBloodworksDwellers","Bartholm Arena Bloodworks Dwellers","Bloodworks Dwellers",
"bartholm.esp","0x03F560","BartholmArenaCombatants","Bartholm Arena","Bartholm Arena",
"bartholm.esp","0x04DBF2","BartholmArenaFanFaction","ArenaFanFaction","Bartholm Fan Faction",
"bartholm.esp","0x059B47","BartholmArenaSpecBlue","Arena Spec Blue","Arena Spec Blue",
"bartholm.esp","0x059B46","BartholmArenaSpecYellow","Arena Spec Yellow","Arena Spec Yellow",
"bartholm.esp","0x05FA0F","BartholmArenaYellowTeam","Arena Yellow Team","Arena Yellow Team",
"bartholm.esp","0x028E7D","BartholmArvasFaction","Bartholm Necro Leaders","Bartholm Necro Leaders",
"bartholm.esp","0x02E2EB","BartholmAssasinFaction","Bartholm BHAssasin Faction","Bartholm Assasin Faction",
"bartholm.esp","0x009C7B","BartholmAyneDrehlFaction","Bartholm Ayne Drehl Faction","Ayne Drehl ",
"bartholm.esp","0x00C986","BartholmBeggarFaction","Bartholm Beggars","Bartholm Beggars",
"bartholm.esp","0x00C989","BartholmCastleFaction","Bartholm castle residents","Bartholm Castle Residents",
"bartholm.esp","0x01B43F","BartholmConvictFaction","Bartholm Convict Faction","Bartholm Convict Faction",
"bartholm.esp","0x00C987","BartholmFaction","Bartholm Citizen","Bartholm Citizen","Citizen"
"bartholm.esp","0x029A52","BartholmGhost","Bartholm Ghost","Bartholm Ghost",
"bartholm.esp","0x00C988","BartholmGuardFaction","Bartholm guard faction","Bartholm guard faction",
"bartholm.esp","0x037D39","BartholmGuardMQFaction","Bartholm Guard MQ Faction","Bartholm Guard MQ Faction",
"bartholm.esp","0x032AAB","BartholmGuardOblivionFaction","Bartholm Guard Oblivion Faction","Bartholm Guard Oblivion Faction",
"bartholm.esp","0x02EDD9","BartholmKeatsFaction","Bartholm Keats Faction","Bartholm Keats Faction",
"bartholm.esp","0x025B92","BartholmManorFaction","Bartholm manor residents","Bartholm Manor Residents",
"bartholm.esp","0x0247E9","BartholmNecroFaction","Bartholm Necro Crew","Bartholm Necro Crew",
"bartholm.esp","0x0341E3","BartholmPirateFaction","Bartholm Pirate NPC Faction","Bartholm Pirate Faction",
"bartholm.esp","0x00F6E2","BartholmStablesFaction","Bartholm Stables","Bartholm Stables",
"bartholm.esp","0x015D9B","BartholmVoiceApu","Bartholm Apu Voice Faction","Bartholm Apu Voice Faction",
"bartholm.esp","0x015D9C","BartholmVoiceArnold","Bartholm Aaanold Voice Faction","Bartholm Aaanold Voice Faction",
"bartholm.esp","0x015D9D","BartholmVoiceFrench","Bartholm French Voice Faction","Bartholm French Voice Faction",
"bartholm.esp","0x015D9F","BartholmVoiceOrc","Bartholm Orc Voice Faction","Bartholm Orc Voice Faction",
"bartholm.esp","0x016374","BartholmVoiceOrcMatron","Bartholm Orc Matron Voice Faction","Bartholm Orc Matron Voice Faction",
"bartholm.esp","0x018FE5","BartholmVoicePatrick","Bartholm Patrick Voice Faction","Bartholm Patrick Voice Faction",
"bartholm.esp","0x015D9E","BartholmVoiceSpanish","Bartholm Spanish Voice Faction","Bartholm Spanish Voice Faction",
"bartholm.esp","0x0203C1","SlartholmBWCFaction","Slartholm BWC Faction","Slartholm BWC Faction",
"bartholm.esp","0x0176B2","SlartholmGuardFaction","Slartholm Guard Faction","Slartholm Guard Faction",
"bartholm.esp","0x03A933","SlartholmRexFaction","Slartholm Rex Household","Slartholm Rex Household",
"bartholm.esp","0x031A1A","SlartholmRexMurdererFaction","Slartholm Rex Murderer","Slartholm Rex Murderer",
,,,,,
"bgIntegrationEV.esp","0x00683A","bgDaedricIntegration","Stranded Light","Stranded Light",
"bgIntegrationEV.esp","0x07854F","bgDebtFaction","Debt Collector","Debt Collector",
"bgIntegrationEV.esp","0x0253DE","bgElsweyrAgent","Desert Walkers","Desert Walkers",
"bgIntegrationEV.esp","0x0817AC","bgMirCorrupFaction","Mir Corrup Citizen","Mir Corrup Citizen","Citizen"
"bgIntegrationEV.esp","0x0871F1","bgMirCorrupGuards","Mir Corrup Guards","Mir Corrup Guards",
"bgIntegrationEV.esp","0x009899","bgNoGuards","Guards won't interfere",,
"bgIntegrationEV.esp","0x115F3A","bgPainting","Disciples of the Moment","Disciples of the Moment",
"bgIntegrationEV.esp","0x115F3C","bgPaintingDementia","Disciples - Dementia","Disciples - Dementia",
"bgIntegrationEV.esp","0x115F3B","bgPaintingMania","Disciples - Mania","Disciples - Mania",
"bgIntegrationEV.esp","0x101405","bgQOhmesCouple","Ohmes Couple","Ohmes Couple",
"bgIntegrationEV.esp","0x000F10","bgQRevendriFaction","RevendriFaction","RevendriFaction",
"bgIntegrationEV.esp","0x0FC7DC","bgQTyrruGarraFaction","Tyrru and Garra","Tyrru and Garra",
"bgIntegrationEV.esp","0x041B60","bgRQ2Attackfaction","RQ 2 Attack Faction","RQ 2 Attack Faction",
"bgIntegrationEV.esp","0x0291E6","bgRenFaction","Renrijra Krin","Renrijra Krin",
"bgIntegrationEV.esp","0x04AC23","bgRenWarFaction","RenFactionWar","RenFactionWar",
"bgIntegrationEV.esp","0x0C8DE9","bgTeshFaction","Teshekru's Bond","Teshekru's Bond",
"bgIntegrationEV.esp","0x02E545","bgVoidFaction","Void Faction","Void Faction",
"bgIntegrationEV.esp","0x057BD1","bgZAQ6HouseFaction","AQ 6 House Faction","AQ 6 House Faction",
"bgIntegrationEV.esp","0x085B71","bgZMCBoilingCauldronFaction","Boiling Cauldron Faction","Boiling Cauldron Faction",
"bgIntegrationEV.esp","0x0871FA","bgZMCChimneyDreamsFaction","Chimney Dreams Faction","Chimney Dreams Faction",
"bgIntegrationEV.esp","0x09407E","bgZMCHappyWogFaction","Happy Wog Faction","Happy Wog Faction",
"bgIntegrationEV.esp","0x08436D","bgZMCLightningBoltFaction","Lightning Bolt Faction","Lightning Bolt Faction",
"bgIntegrationEV.esp","0x085B72","bgZMCRedNavelFaction","Red Navel Faction","Red Navel Faction",
"bgIntegrationEV.esp","0x0853ED","bgZMCSunkenTreasuresFaction","Sunken Treasures Faction","Sunken Treasures Faction",
"bgIntegrationEV.esp","0x09407F","bgZMCVeilFaction","Beyond the Veil Faction","Beyond the Veil Faction",
"bgIntegrationEV.esp","0x13F8DE","bgZPBQ7Faction","Imposter","Imposter",
"bgIntegrationEV.esp","0x139B23","bgZPDQ4ScalonAndHound","Scalon and Hound","Scalon and Hound",
"bgIntegrationEV.esp","0x0DB7FE","bgZSE2Twinfaction","Twin Faction","Twin Faction",
"bgIntegrationEV.esp","0x03D6EE","bgZTestBrumaFaction","Test Bruma Faction","Test Bruma Faction",
"bgIntegrationEV.esp","0x106F32","bgZVisitorFaction","Visitor","Visitor",
"bgIntegrationEV.esp","0x1217E3","bgZXQ7Faction","XQ7 House Owner",,
,,,,,
"Blood&Mud.esp","0x02851F","BravXCastleFaction","SpielerBurgGesellschaft","SpielerBurg Gesellschaft",
"Blood&Mud.esp","0x019C84","BravilMephOronFaction","OronsLeibwache","Orons Leibwache",
"Blood&Mud.esp","0x013209","BravilMephalisten","Mephalisten","Mephalisten",
"Blood&Mud.esp","0x033231","BravilShadowHunters","Bravil Shadow Hunters","Bravil Shadow Hunters",
"Blood&Mud.esp","0x013C2C","BravilTorroFaction","Torros Kumpesl","Torros Kumpesl",
,,,,,
"CURP_Controller.esm","0x0015CE","CULegion","CU Legion","CU Legion",
"CURP_Controller.esm","0x00B2E1","CUOAUConjurersGuild","Imperial Conjurers Guild","Imperial Conjurers Guild",
"CURP_Controller.esm","0x00B2E2","CUOAUNecromancerGuild","Imperial Necromancer Guild","Imperial Necromancer Guild",
"CURP_Controller.esm","0x00C75C","CUOChorrolMiningCompany02","Chorrol Mining Company","Chorrol Mining Company",
"CURP_Controller.esm","0x00B2E0","CUOCollegeofWhispers","College of Whispers","College of Whispers",
"CURP_Controller.esm","0x00E2AB","CUOHammerfellTradingCo02","Hammerfell Trading Company","Hammerfell Trading Company",
"CURP_Controller.esm","0x00F7EC","CUOImperialBattlemageSupplyFaction","Imperial Battlemage Supply Faction Dialog","Imperial Battlemage Supply Faction",
"CURP_Controller.esm","0x00F7EB","CUOImperialLegionSupplyFaction","Imperial Legion Supply Faction Dialog","Imperial Legion Supply Faction",
"CURP_Controller.esm","0x0120E1","CUOMerchants","CUO Merchants","CUO Merchants",
"CURP_Controller.esm","0x01432E","CUOMerchantsGuild","Merchants Guild","Merchants Guild",
"CURP_Controller.esm","0x00B2DF","CUOSynod","Synod","Synod",
,,,,,
"Cybiades.esm","0x043E11","CybiadesDivide","Cybiades Divide","Cybiades Divide",
"Cybiades.esm","0x07BB14","cybCitizens","Cybiades","Cybiades Citizens","Citizen"
"Cybiades.esm","0x06654F","cybRedLodge","Red Lodge","Red Lodge",
"Cybiades.esm","0x072F42","cybRedLodgeCreatures","Red Lodge Creatures","Red Lodge Creatures",
"Cybiades.esm","0x0782F3","cybUnbreakables","The Unbreakables","The Unbreakables",
,,,,,
"CybiadesDungeon.esp","0x004C3C","CybDungeonDivide","CybDungeon Divide","CybDungeon Divide",
"CybiadesDungeon.esp","0x017DFC","cybFightClubFaction","cybFclub","Fight Club",
"CybiadesDungeon.esp","0x000DA3","cybProgenyFaction","Progeny Faction","Progeny Faction",
"CybiadesDungeon.esp","0x012361","cybProgenyKick","Progeny Wrestlers","Progeny Wrestlers",
"CybiadesDungeon.esp","0x00CBB9","cybStatues01","Statues","Statues",
,,,,,
"CyrodiilUpgradeResourcePack.esm","0x017B54","CUOAdventurerFaction","Adventurer Faction","Adventurer Faction",
"CyrodiilUpgradeResourcePack.esm","0x018942","CUOBanditFaction","Bandit Faction","Bandit Faction",
"CyrodiilUpgradeResourcePack.esm","0x018234","CUOBanditHedgeWizard","Amantius Allectus Door Owners","Amantius Allectus Door Owners",
"CyrodiilUpgradeResourcePack.esm","0x01891E","CUOBlackBowFaction","Black Bow Faction","Black Bow Faction",
"CyrodiilUpgradeResourcePack.esm","0x019712","CUOConjurerFaction","Conjurers","Conjurers",
"CyrodiilUpgradeResourcePack.esm","0x021A0A","CUOCyrodiilVampireClan","Cyrodiil Vampire Clan","Cyrodiil Vampire Clan",
"CyrodiilUpgradeResourcePack.esm","0x01B9DC","CUODremoraFaction","Kyn","Kyn",
"CyrodiilUpgradeResourcePack.esm","0x00423B","CUODwemerFaction","Dwemer","Dwemer",
"CyrodiilUpgradeResourcePack.esm","0x0430EC","CUODwemerMachinesFaction","Dwemer Technology","Dwemer Technology",
"CyrodiilUpgradeResourcePack.esm","0x0212C7","CUOMarauderFaction","Marauder Faction","Marauder Faction",
"CyrodiilUpgradeResourcePack.esm","0x016CF4","CUONecromancerFaction","Necromancers Cult","Necromancers Cult",
"CyrodiilUpgradeResourcePack.esm","0x025109","CUONecromancerGuild","Necromancer Guild","Necromancer Guild",
"CyrodiilUpgradeResourcePack.esm","0x045348","CUOVampireClan","Vampire Clan","Vampire Clan",
"CyrodiilUpgradeResourcePack.esm","0x048AAB","CUOWitchesFaction","Witches Faction","Witches Faction",
"CyrodiilUpgradeResourcePack.esm","0x0491AE","CUOWitchesHunterFaction","Witches Faction","Witches Faction",
,,,,,
"ElsweyrAnequina.esp","0x012A1C","ANQALBAlabasterFaction","Alabaster Citizen","Alabaster Citizen","Citizen"
"ElsweyrAnequina.esp","0x017D0F","ANQALBLamdumajiFamily","Lamdumaji Family Faction","Lamdumaji Family Faction",
"ElsweyrAnequina.esp","0x018B67","ANQAgamanusPriestFaction","Agamanus Priest Faction","Agamanus Priest Faction",
"ElsweyrAnequina.esp","0x01ADB3","ANQBRKDarkarnPlaceFaction","Darkarn Place Faction","Darkarn Place Faction",
"ElsweyrAnequina.esp","0x0228AF","ANQBRKZahrajiFarmFaction","Zahraji Farm Faction","Zahraji Farm Faction",
"ElsweyrAnequina.esp","0x033C10","ANQBanditFaction","Anequina Bandit Faction","Anequina Bandit Faction",
"ElsweyrAnequina.esp","0x015B8B","ANQCORAzhabaFamily","Azhaba Family","Azhaba Family",
"ElsweyrAnequina.esp","0x040168","ANQCORCaravanseraiPatrons","Corinthe Caravanserai Patrons","Corinthe Caravanserai Patrons",
"ElsweyrAnequina.esp","0x02027A","ANQCORChaeVarseuShopFaction","Chae-Varseu's Shop Faction","Chae-Varseu's Shop Faction",
"ElsweyrAnequina.esp","0x091304","ANQCORCommerceOffice","Commerce Office Faction","Commerce Office Faction",
"ElsweyrAnequina.esp","0x0247E2","ANQCORCorintheFaction","Corinthe Citizen","Corinthe Citizen","Citizen"
"ElsweyrAnequina.esp","0x0247E3","ANQCORCorintheGuardFaction","Corinthe Guards","Corinthe Guards",
"ElsweyrAnequina.esp","0x019582","ANQCORDeMoerFamily","De Moer Family","De Moer Family",
"ElsweyrAnequina.esp","0x0193BF","ANQCORDjariFamily","Djari Family","Djari Family",
"ElsweyrAnequina.esp","0x031CFB","ANQCORHzahbiFamily","Hzahbi Family","Hzahbi Family",
"ElsweyrAnequina.esp","0x01F43D","ANQCORIngasClientielleFaction","Inga's Clientelle Faction","Inga's Clientelle Faction",
"ElsweyrAnequina.esp","0x04A858","ANQCORJobashasShopFaction","Jobasha's Shop Faction","Jobasha's Shop Faction",
"ElsweyrAnequina.esp","0x001E84","ANQCORKisimbaFamily","Kisimba Family","Kisimba Family",
"ElsweyrAnequina.esp","0x01AD9B","ANQCORPortiusFamily","Portius Family","Portius Family",
"ElsweyrAnequina.esp","0x05CAF5","ANQCORPrisonerFaction","Corinthe prisoner faction","Corinthe prisoner faction",
"ElsweyrAnequina.esp","0x031774","ANQCORShedzanaFamily","Shedzana Family","Shedzana Family",
"ElsweyrAnequina.esp","0x01937E","ANQCORSkoomaDenFaction","Skooma Den Faction","Skooma Den Faction",
"ElsweyrAnequina.esp","0x034BF1","ANQCORSovaluFamily","Sovalu Family","Sovalu Family",
"ElsweyrAnequina.esp","0x001F97","ANQCORWarehouseFaction","Warehouse Faction","Warehouse Faction",
"ElsweyrAnequina.esp","0x037DDB","ANQCORWilrickFamily","Wilrick Family","Wilrick Family",
"ElsweyrAnequina.esp","0x0017C2","ANQCaravanFaction","Travelling Caravan Faction","Travelling Caravan Faction",
"ElsweyrAnequina.esp","0x02492B","ANQDNCDuncoriWalkFaction","Duncori Walk Citizen","Duncori Walk Citizen","Citizen"
"ElsweyrAnequina.esp","0x02A2C2","ANQDNCEatsFishEyesFamily","Eats-Fish-Eyes Family","Eats-Fish-Eyes Family",
"ElsweyrAnequina.esp","0x019677","ANQDNCFishmongerFamily","Fishmonger Family","Fishmonger Family",
"ElsweyrAnequina.esp","0x01253F","ANQDNCRoelofFamily","Roelof Family","Roelof Family",
"ElsweyrAnequina.esp","0x0B9299","ANQDUNAhdniFamily","Ahdni Family","Ahdni Family",
"ElsweyrAnequina.esp","0x0C0A0D","ANQDUNBahmarraFamily","Bahmarra Family","Bahmarra Family",
"ElsweyrAnequina.esp","0x043124","ANQDUNCaravanseraiPatrons","Dune Caravanserai Patrons","Dune Caravanserai Patrons",
"ElsweyrAnequina.esp","0x0963DA","ANQDUNCherimFactoryFaction","Cherim Factory Faction","Cherim Factory Faction",
"ElsweyrAnequina.esp","0x04A4EA","ANQDUNCherimFamily","Cherim Family","Cherim Family",
"ElsweyrAnequina.esp","0x05264B","ANQDUNCherimHallGuestsFaction","Cherim Hall Guests Faction","Cherim Hall Guests Faction",
"ElsweyrAnequina.esp","0x0A6C08","ANQDUNClaydFamily","Clayd Family","Clayd Family",
"ElsweyrAnequina.esp","0x00FCEE","ANQDUNDuneFaction","Dune Citizen","Dune Citizen","Citizen"
"ElsweyrAnequina.esp","0x00FCEF","ANQDUNDuneGuardFaction","Dune Guard Faction","Dune Guard Faction",
"ElsweyrAnequina.esp","0x0CC15A","ANQDUNGreenPalaceFaction","Dune Green Palace Faction","Dune Green Palace Faction",
"ElsweyrAnequina.esp","0x0CC158","ANQDUNGreenSoldierFaction","Dune Green Soldier Faction","Dune Green Soldier Faction",
"ElsweyrAnequina.esp","0x073723","ANQDUNPalaceLibraryFaction","Dune Palace Library Faction","Dune Palace Library Faction",
"ElsweyrAnequina.esp","0x073722","ANQDUNPalaceNorthFaction","Dune Palace North Faction","Dune Palace North Faction",
"ElsweyrAnequina.esp","0x073721","ANQDUNPalaceSouthFaction","Dune Palace South Faction","Dune Palace South Faction",
"ElsweyrAnequina.esp","0x0CC15B","ANQDUNRedPalaceFaction","Dune Red Palace Faction","Dune Red Palace Faction",
"ElsweyrAnequina.esp","0x0CC159","ANQDUNRedSoldierFaction","Dune Red Soldier Faction","Dune Red Soldier Faction",
"ElsweyrAnequina.esp","0x05940F","ANQDUNRiThibbsShopFaction","RiThibbs Shop Faction","RiThibbs Shop Faction",
"ElsweyrAnequina.esp","0x03FF70","ANQDUNSabrushaFamily","Sabrusha Family","Sabrusha Family",
"ElsweyrAnequina.esp","0x0B2058","ANQDUNSkoomaDenPatrons","Dune Skooma Den Patrons","Dune Skooma Den Patrons",
"ElsweyrAnequina.esp","0x08B560","ANQDoomProphetFaction","Doom Prophet Faction","Doom Prophet Faction",
"ElsweyrAnequina.esp","0x0771CD","ANQHuntersGuild","Elsweyr Hunters Guild","Elsweyr Hunters Guild",
"ElsweyrAnequina.esp","0x0A9E76","ANQImperialLegion","Elsweyr Imperial Legion","Elsweyr Imperial Legion",
"ElsweyrAnequina.esp","0x011788","ANQKNGKingsWalkFaction","King's Walk Caravanserie Faction","King's Walk Caravanserie Faction",
"ElsweyrAnequina.esp","0x06EAAD","ANQKNGKingsWalkGuardFaction","Kings Walk Guard Faction","Kings Walk Guard Faction",
"ElsweyrAnequina.esp","0x0327C5","ANQMNMoonTemple","Moon Temple","Moon Temple",
"ElsweyrAnequina.esp","0x04ED79","ANQMerchantsGuild","Elsweyr Merchants Guild","Elsweyr Merchants Guild",
"ElsweyrAnequina.esp","0x03341C","ANQORCBrigetteFamily","Brigette Family","Brigette Family",
"ElsweyrAnequina.esp","0x00F767","ANQORCBrokenJawInnFaction","Broken Jaw Inn Faction","Broken Jaw Inn Faction",
"ElsweyrAnequina.esp","0x03C934","ANQORCBrothelFaction","Orcrest Brothel Faction","Orcrest Brothel Faction",
"ElsweyrAnequina.esp","0x035DC8","ANQORCBrotherLapeosFaction","Brother Lapeo's Faction","Brother Lapeo's Faction",
"ElsweyrAnequina.esp","0x033415","ANQORCDinhcaraFamily","Dinh'cara Family","Dinh'cara Family",
"ElsweyrAnequina.esp","0x0B89C7","ANQORCDulphogsSlaveHall","Dulphog's Slave Hall Faction","Dulphog's Slave Hall Faction",
"ElsweyrAnequina.esp","0x03540F","ANQORCEloineMinotaurFamily","Eloine Minotaur Faction","Eloine Minotaur Faction",
"ElsweyrAnequina.esp","0x032B35","ANQORCGraMorokFamily","Gra-Morok Family","Gra-Morok Family",
"ElsweyrAnequina.esp","0x036ABC","ANQORCGroHadaghFamily","Gro-Hadik Family","Gro-Hadik Family",
"ElsweyrAnequina.esp","0x04B74E","ANQORCHorobokFamily","Horobok Family","Horobok Family",
"ElsweyrAnequina.esp","0x0826C2","ANQORCMalauchShrineFaction","Malauch Shrine Faction","Malauch Shrine Faction",
"ElsweyrAnequina.esp","0x0826C7","ANQORCMalauchZombieFaction","Malauch Zombie Faction","Malauch Zombie Faction",
"ElsweyrAnequina.esp","0x0B922F","ANQORCMerchantsGuildhall","Orcrest Merchants Guildhall","Orcrest Merchants Guildhall",
"ElsweyrAnequina.esp","0x012CF7","ANQORCNirasjaFamily","Nirasja Family","Nirasja Family",
"ElsweyrAnequina.esp","0x00FCEC","ANQORCOrcrestFaction","Orcrest Citizen","Orcrest Citizen","Citizen"
"ElsweyrAnequina.esp","0x00FCED","ANQORCOrcrestGuardFaction","Orcrest Guard Faction","Orcrest Guard Faction",
"ElsweyrAnequina.esp","0x0588DD","ANQORCOrcrestSoldierFaction","Orcrest Soldier Faction","Orcrest Soldier Faction",
"ElsweyrAnequina.esp","0x033D7E","ANQORCPalaceFaction","Orcrest Palace Faction","Orcrest Palace Faction",
"ElsweyrAnequina.esp","0x037CF6","ANQORCSharzogFamily","Sharzog Family","Sharzog Family",
"ElsweyrAnequina.esp","0x01B6FC","ANQORCThreeTusksTavernFaction","Three Tusks Tavern Faction","Three Tusks Tavern Faction",
"ElsweyrAnequina.esp","0x03A49A","ANQORCWitchCovenFaction","Orcrest Witch Faction","Orcrest Witch Faction",
"ElsweyrAnequina.esp","0x018EAC","ANQRHBlaahlDenFaction","B'laahl Den Faction","B'laahl Den Faction",
"ElsweyrAnequina.esp","0x02E661","ANQRHDrzaniClanFaction","Dr'zani Den Faction","Dr'zani Den Faction",
"ElsweyrAnequina.esp","0x046805","ANQRHHzardirrTradersFaction","Hzardirr Traders Faction","Hzardirr Traders Faction",
"ElsweyrAnequina.esp","0x046806","ANQRHMusicHallPatronsFaction","Music Hall Patrons Faction","Music Hall Patrons Faction",
"ElsweyrAnequina.esp","0x0153A1","ANQRHNasiusDioFamily","Nasius Dio Family Faction","Nasius Dio Family Faction",
"ElsweyrAnequina.esp","0x046803","ANQRHNdrissiClanFaction","N'drissi Clan Faction","N'drissi Clan Faction",
"ElsweyrAnequina.esp","0x02E662","ANQRHRasaviDenFaction","Ra'savi Den Faction","Ra'savi Den Faction",
"ElsweyrAnequina.esp","0x044B2D","ANQRHRiverholdCastleFaction","Riverhold Castle Faction","Riverhold Castle Faction",
"ElsweyrAnequina.esp","0x01B10C","ANQRHRiverholdFaction","Riverhold Citizen","Riverhold Citizen","Citizen"
"ElsweyrAnequina.esp","0x01B10D","ANQRHRiverholdGuards","Riverhold Guards","Riverhold Guards",
"ElsweyrAnequina.esp","0x01E0EF","ANQRHRiversprayInnFaction","Riverspray Inn Faction","Riverspray Inn Faction",
"ElsweyrAnequina.esp","0x0153A6","ANQRHTaneenaHouseFaction","Taneena House Faction","Taneena House Faction",
"ElsweyrAnequina.esp","0x046802","ANQRHTheSkirmishersClawFaction","The Skirmishers Claw Faction","The Skirmishers Claw Faction",
"ElsweyrAnequina.esp","0x050FF6","ANQRHThroneRoomFaction","Throne Room Faction","Throne Room Faction",
"ElsweyrAnequina.esp","0x01539A","ANQRHWajiqClanFaction","Wajiq Clan Faction","Wajiq Clan Faction",
"ElsweyrAnequina.esp","0x046804","ANQRHYgraskasDenFaction","Y'graska's Den Faction","Y'graska's Den Faction",
"ElsweyrAnequina.esp","0x0206F2","ANQRenrijraKrinFaction","Renrijra Krin Faction","Renrijra Krin Faction",
"ElsweyrAnequina.esp","0x099092","ANQSQ02BhorlarzAvengersFaction","Bhorlarz Avengers Faction","Bhorlarz Avengers Faction",
"ElsweyrAnequina.esp","0x014F4D","ANQSQ05ValenwoodSoldierFaction","Valenwood Soldier Faction","Valenwood Soldier Faction",
"ElsweyrAnequina.esp","0x0B19B9","ANQTARTardornStablesFaction","Tardorn Stables Faction","Tardorn Stables Faction",
"ElsweyrAnequina.esp","0x033C11","ANQTRBTribeAzkhanFaction","Azkhan Tribe Faction","Azkhan Tribe Faction",
"ElsweyrAnequina.esp","0x033C12","ANQTRBTribeDgazahbaFaction","Dgazahba Tribe Faction","Dgazahba Tribe Faction",
"ElsweyrAnequina.esp","0x088136","ANQTRBTribeGbujewaFaction","G'bujewa Tribe Faction","G'bujewa Tribe Faction",
"ElsweyrAnequina.esp","0x00C44C","ANQTRBTribeInghajiFaction","Inghaji Tribe Faction","Inghaji Tribe Faction",
"ElsweyrAnequina.esp","0x087078","ANQTRBTribeQwazaniFaction","Q'wazani Tribe","Q'wazani Tribe",
"ElsweyrAnequina.esp","0x0AD917","ANQThievesGuild","Elsweyr Thieves Guild","Elsweyr Thieves Guild",
"ElsweyrAnequina.esp","0x08B559","ANQTravellerFaction","Elsweyr Traveller Faction","Elsweyr Traveller Faction",
"ElsweyrAnequina.esp","0x0677AC","ANQTribesmanFaction","Tribesman Faction","Tribesman Faction",
"ElsweyrAnequina.esp","0x01A182","ANQTwinLampsFaction","Twin Lamps Faction","Twin Lamps Faction",
,,,,,
"DLCBattlehornCastle.esp","0x00D43F","DLCBattlehornCaptainFaction","Faction for captain","Battlehorn captain",
"DLCBattlehornCastle.esp","0x00B09E","DLCBattlehornCastleFaction","Faction for Battlehorn NPCs","Battlehorn NPCs",
"DLCBattlehornCastle.esp","0x00CF3C","DLCBattlehornCastleKnightFaction","Faction for knights who follow player","Castle knights",
"DLCBattlehornCastle.esp","0x00BB21","DLCBattlehornSparringFaction","Sparring faction for Battlehorn trainer","Sparring faction for Battlehorn trainer",
,,,,,
"DLCfrostcrag.esp","0x004F36","FrostcragFaction","Frostcrag faction","Frostcrag faction",
"DLCfrostcrag.esp","0x00173E","FrostcragSpireAtronachFaction","Frostcrag Spire Atronach Faction","Frostcrag Spire Atronach Faction",
"DLCfrostcrag.esp","0x001250","ICMysticEmporiumFaction","Mystic Emporium Faction","Mystic Emporium Faction",
,,,,,
"DLCMehrunesRazor.esp","0x002530","DL9CommanderFaction","DL9 Commander Special Faction","Commander Special Faction",
"DLCMehrunesRazor.esp","0x0014E9","DL9DrothermiFaction","Drothmeri Army","Drothmeri Army",
"DLCMehrunesRazor.esp","0x00252F","DL9MoragTongFaction","Morag Tong","Morag Tong",
,,,,,
"DLCThievesDen.esp","0x003EDC","DLC06DunbarrowFaction","Dunbarrow Faction","Dunbarrow Faction",
"DLCThievesDen.esp","0x003EDB","DLC06DunbarrowPirateFaction","Dunbarrow Pirate Faction","Dunbarrow Pirate Faction",
,,,,,
"DLCVileLair.esp","0x007488","LairVilePrisonerFaction","Deepscorn Hollow Prisoner","Deepscorn Hollow Prisoner",
,,,,,
"GTAesgaard.esp","0x000805","A909AbyssGod","God Of Abyss","God Of Abyss",
"GTAesgaard.esp","0x000804","A909AesgaardGuardians","AesgaardGuardians","Aesgaard Guardians",
"GTAesgaard_2.esm","0x022BE1","A808CursedWorldfaction","Cursed Faction","Cursed Faction",
"GTAesgaard_2.esm","0x027A14","A808FequrianOrderFaction","Fequrian Order","Fequrian Order",
"GTAesgaard_2.esm","0x027545","A808NowhereKeeperFaction","NowhereKeeperFaction","Nowhere Keeper",
,,,,,
"HeartOftheDead.esp","0x00398C","HODBubbaGump","Bubba Gump Faction","Bubba Gump Faction",
"HeartOftheDead.esp","0x00238D","HODDHunters","The Dark Hunters","The Dark Hunters",
"HeartOftheDead.esp","0x000EEF","HODDragonFaction","Dragon Faction","Dragon Faction",
"HeartOftheDead.esp","0x03E912","HODFaction","HOD Faction","HOD Faction",
"HeartOftheDead.esp","0x034F40","HODMysticElves","Mystic Elves","Mystic Elves",
"HeartOftheDead.esp","0x0698FD","HODWinter","Wintermoon","Wintermoon",
"HeartOftheDead.esp","0x018F90","PartHOD","HOD Partners","HOD Partners",
"HeartOftheDead.esp","0x0132BD","Partners2","Partners2","Partners2",
,,,,,
"Knights.esp","0x000CEC","ND10MinionFaction","MinionFaction","MinionFaction",
"Knights.esp","0x000CE9","NDGarlasMalatarVeterans","Faction for first 8 knights","Faction for first 8 knights",
"Knights.esp","0x000CEB","NDGhostKnightFaction","Ghost Knight Faction","Ghost Knight Faction",
"Knights.esp","0x000CEE","NDKnightsoftheNine","Knights of the Nine","Knights of the Nine",
"Knights.esp","0x000CE8","NDOriginalKnightsFaction","The eight original knights start in this faction","The eight original knights start in this faction",
"Knights.esp","0x000CEA","NDPredators","Predator Faction","Predator Faction",
"Knights.esp","0x000CED","NDSirRodericFaction","Sir Roderic's Faction","Sir Roderic's Faction",
,,,,,
"KvatchRising.esp","0x01EE36","KRISTailorshop","Tailor shop","Tailor shop",
"KvatchRising.esp","0x01688E","KRISThugs","Kvatch Thugs","Kvatch Thugs",
"KvatchRising.esp","0x01B94E","KRISUpperGoldwineFamily","Upper Class Goldwine Family","Upper Class Goldwine Family",
"KvatchRising.esp","0x01B952","KRISWillowFamily","Willow Family","Willow Family",
"KvatchRising.esp","0x026AFD","KrisCountofKvatchFaction","Count of Kvatch Faction","Count of Kvatch Faction",
"KvatchRising.esp","0x01B94A","KrisGlodburyFamily","Glodbury Family","Glodbury Family",
"KvatchRising.esp","0x01B945","KrisGreenwayFamily","Greenway Family","Greenway Family",
"KvatchRising.esp","0x01B938","KrisOnnyfamily"," Onny Family"," Onny Family",
"KvatchRising.esp","0x00C29A","KvatchConstructionWorker","Kvatch Construction Worker","Kvatch Construction Worker",
"KvatchRising.esp","0x01653F","KvatchFakeFaction","KvatchFakeFaction","KvatchFakeFaction",
"KvatchRising.esp","0x01A222","KvatchKnights","Knight of Kvatch","Knight of Kvatch",
"KvatchRising.esp","0x011117","KvatchRisingCastleFaction","Kvatch Rising Castle Faction","Kvatch Rising Castle Faction",
"KvatchRising.esp","0x00914D","KvatchRisingGuards","Kvatch Guards","Kvatch Guards",
"KvatchRising.esp","0x017C1A","KvatchTradingCompany","Kvatch Trading Company","Kvatch Trading Company",
"KvatchRising.esp","0x011118","Kvatchrisingfaction","Kvatch rising faction","Kvatch rising faction",
"KvatchRising.esp","0x01B932","krisKaliFamily","Kali Family","Kali Family",
"KvatchRising.esp","0x01B956","krisdalefamily","Dale family","Dale family",
"KvatchRising.esp","0x01B93E","krissmithfamily","Smith Family","Smith Family",
"KvatchRising.esp","0x009AF0","kvatchArenaFactionBad","Kvatch Arena Faction Bad","Kvatch Arena Faction Bad",
"KvatchRising.esp","0x01EE5D","kvatchArenaFactionBadSpectator","Kvatch Arena Faction Bad","Kvatch Arena Faction Bad",
"KvatchRising.esp","0x009893","kvatchArenaFactionGood","Kvatch Arena Faction Good","Kvatch Arena Faction Good",
"KvatchRising.esp","0x0223F4","kvatchrefugees","Kvatch Refugees","Kvatch Refugees",
,,,,,
"Lost Paladins of the Divines.esp","0x017329","AOHWPaladinOrder","Paladin Order","Paladin Order",
,,,,,
"Malevolent.esp","0x01251D","ZZMALMaelinsFaction","Maelin's Faction","Maelin's Faction",
"Malevolent.esp","0x00C42D","ZZMALNeutralFaction","Malevolent Neutral MOB Faction","Malevolent Neutral MOB Faction",
"Malevolent.esp","0x0079DA","ZZMALNoGenericTalks","Malevolent No Generic Talking Faction","Malevolent No Generic Talking Faction",
"Malevolent.esp","0x010D6A","ZZMALTheArmourFaction","The Armour faction","The Armour faction",
,,,,,
"za_bankmod.esp","0x0017F6","ZAICBank","ICBankFaction","Bank Faction",
,,,,,
"VaultsofCyrodiilBC.esp","0x0029A1","GuilesVaultMerchantGuard","Merchant's Guards","Merchant's Guards",
,,,,,
"Windfall.esm","0x05180C","WFAKCaveFac","NO NAME",,
"Windfall.esm","0x04936E","WFAlexFac","Alexander's Merry Men","Alexander's Merry Men",
"Windfall.esm","0x050DE6","WFAlexGG","Alexander's Gate Guards","Alexander's Gate Guards",
"Windfall.esm","0x05216B","WFAlexHelp","Alex Non Combat","Alex Non Combat",
"Windfall.esm","0x050B4B","WFAlexOfficers","WFAlexOfficers","Alex Officers",
"Windfall.esm","0x05032F","WFAlexPatrol","WFAlexPatrol","Alex Patrol",
"Windfall.esm","0x04FFF5","WFAssassins","WFAssassins","Windfall Assassins",
"Windfall.esm","0x04D615","WFBenFac","Benardius Family","Benardius Family",
"Windfall.esm","0x04936C","WFBrendFac","Varo's Knights","Varo's Knights",
"Windfall.esm","0x0493C1","WFCastleFac","Windfall Castle Faction","Windfall Castle Faction",
"Windfall.esm","0x0493C2","WFCastleGuardsFac","Windfall Castle Guards","Windfall Castle Guards",
"Windfall.esm","0x050015","WFCommerce","Commerce District NPCs","Commerce District NPCs",
"Windfall.esm","0x04FF75","WFCultists","Windfall Cultists","Windfall Cultists",
"Windfall.esm","0x050DC1","WFDGFaction","DeathGrip Keep ","DeathGrip Keep ",
"Windfall.esm","0x050DA6","WFFMGuards","Fort Mourngrim Guards","Fort Mourngrim Guards",
"Windfall.esm","0x04FE9B","WFFMPrisoner","Mourngrim Prisoners","Mourngrim Prisoners",
"Windfall.esm","0x04FFAB","WFFarmer","Tomanius Family","Tomanius Family",
"Windfall.esm","0x0162B1","WFGeltFamily","Gelt Family","Gelt Family",
"Windfall.esm","0x0502D6","WFGeneric","Generic Shop Owner Control","Generic Shop Owner Control",
"Windfall.esm","0x050F5B","WFGlavin2Fac","NO NAME","Windfall Glavin",
"Windfall.esm","0x0510A5","WFGlayveGroup","Glayve Raiders","Glayve Raiders",
"Windfall.esm","0x050ED5","WFGolentGrp","Golent Group","Golent Group",
"Windfall.esm","0x0502D5","WFGraveFac","Grave Robbers Club","Grave Robbers Club",
"Windfall.esm","0x051BB0","WFHookers","LE Hookers","Windfall Hookers",
"Windfall.esm","0x050018","WFLegion","Imperial Legion NPCs","Imperial Legion NPCs",
"Windfall.esm","0x051049","WFMarceaFac","Marcea's Group","Marcea's Group",
"Windfall.esm","0x04FEE8","WFOzkarFriends","Ozkar's and Friends","Ozkar's and Friends",
"Windfall.esm","0x04FF23","WFPirates","Black Daggers","Black Daggers",
"Windfall.esm","0x052172","WFRazzFac","NO NAME","Windfall RazzFac",
"Windfall.esm","0x0517A1","WFRecruits","NO NAME","Windfall Recruits",
"Windfall.esm","0x0038C2","WFShipCrew","NO NAME","Windfall Ship Crew",
"Windfall.esm","0x050017","WFSlumNPCs","Slums NPCs","Slums NPCs",
"Windfall.esm","0x002315","WFStilusFac","The Righteous","The Righteous",
"Windfall.esm","0x050039","WFStilusGuard","Slum Guards","Slum Guards",
"Windfall.esm","0x0493C3","WFTPFac","Thirsty Peasant Faction","Thirsty Peasant Faction",
"Windfall.esm","0x04FFBF","WFThiefHouse","Windfall Thief House","Windfall Thief House",
"Windfall.esm","0x04936D","WFTodwardFac","Order of the Candle","Order of the Candle",
"Windfall.esm","0x04D616","WFVenturaFac","Ventura Family","Ventura Family",
"Windfall.esm","0x04FF24","WFWHouse","Lonely Escort","Lonely Escort",
"Windfall.esm","0x04D614","WFWTravelFac","Weary Traveler Faction","Weary Traveler Faction",
"Windfall.esm","0x04D613","WFWareHouseFac","Warehouse Workers","Warehouse Workers",
"Windfall.esm","0x050016","WFWealthyNPCs","Wealthy Section NPCs","Wealthy Section NPCs",
,,,,,
"TOTF.esp","0x020D78","ArmindaleCustomFaction","ArmindaleCustomFaction","ArmindaleCustomFaction",
"TOTF.esp","0x02039D","ZZDARKLEGACYFACTION","The Dark Legacy","The Dark Legacy",
"TOTF.esp","0x013D6D","ZZLEGACYArchaeologistFaction","Archaeologist Faction","Archaeologist Faction",
"TOTF.esp","0x00B7A1","ZZLEGACYSpecialFaction","Legacy Faction","Legacy Faction",
"TOTF.esp","0x00E247","ZZNoGenericTalks","ZZNoGenericTalks",,
,,,,,
"underdark.esm","0x011BDC","1Statue","tus",,
"underdark.esm","0x00505A","DragonFaction","Dragon Kinship","Dragon Kinship",
"underdark.esm","0x005132","DwarfFaction","Dwemer Faction","Dwemer Faction",
"underdark.esm","0x00DCD5","DwarfFactionX","Dwemer Faction","Dwemer Faction",
"underdark.esm","0x00ECB3","GoldDwarfCivies","Gold Dwemer Citizens","Gold Dwemer Citizens","Citizen"
"underdark.esm","0x005086","SeductressFaction","Seductress Faction","Seductress Faction",
"underdark.esm","0x005102","SvirfneblinGnomeFaction","Gnome Faction","Gnome Faction",
"underdark.esm","0x005B06","TUAleval","House Aleval, Traders in Silken Weaver","House Aleval, Traders in Silken Weaver",
"underdark.esm","0x0059D6","TUArabep","House Arabep, Daughters of the Underdark","House Arabep, Daughters of the Underdark",
"underdark.esm","0x0058C6","TUArandar","House Arandor, Daughters of Black Hearts","House Arandor, Daughters of Black Hearts",
"underdark.esm","0x0059F6","TUBaenre","House Baenre","House Baenre",
"underdark.esm","0x005AB6","TUBarrilyl","House Barrilyl, Spawn of the Blade","House Barrilyl, Spawn of the Blade",
"underdark.esm","0x005A0E","TUDoUrden","House Do'Urden","House Do'Urden",
"underdark.esm","0x00599E","TUDwarf","Dwemer Faction","Dwemer Faction",
"underdark.esm","0x005916","TUFreett","House Freett, Friends in Magic","House Freett, Friends in Magic",
"underdark.esm","0x008962","TUGnome","Sverfneblin Faction","Sverfneblin Faction",
"underdark.esm","0x007D57","TUGoblins","Underdark Goblins","Underdark Goblins",
"underdark.esm","0x005936","TUGodeval","House Aleval, Clan of Silken Weaver","House Aleval, Clan of Silken Weaver",
"underdark.esm","0x0058E6","TUKilsek","House Kilsek","House Kilsek",
"underdark.esm","0x005A26","TUKilurden","Kilurden, People of the Darkness","Kilurden, People of the Darkness",
"underdark.esm","0x007498","TULymxyra","Lymxyra","Lymxyra",
"underdark.esm","0x005A5E","TUMelani","Melani, Mothers of the Widow","Melani, Mothers of the Widow",
"underdark.esm","0x006E4F","TUMindflayerfaction","Psionics Faction","Psionics Faction",
"underdark.esm","0x005A96","TUMyafin","House Myafin, Honored of the Web","House Myafin, Honored of the Web",
"underdark.esm","0x005A46","TUMyath","House Myath, Honored of the Dragons","House Myath, Honored of the Dragons",
"underdark.esm","0x005ACE","TUNoquund","House Noquund, Sacred to the Spiders Kiss","House Noquund, Sacred to the Spiders Kiss",
"underdark.esm","0x00C15B","TUOgreMochsBane","Entemoch's Boon","Entemoch's Boon",
"underdark.esm","0x005966","TUOrlyarn","House Orlyarn, Guild of Fire","House Orlyarn, Guild of Fire",
"underdark.esm","0x00594E","TUOrlyurden","House Orlyurden, Guild of the Darkness","House Orlyurden, Guild of the Darkness",
"underdark.esm","0x0058FE","TUOussath","House Oussath, Heirs to the Dragons","House Oussath, Heirs to the Dragons",
"underdark.esm","0x0033F2","TUSilverHairKnights","Silverhair Knight","Silverhair Knight",
"underdark.esm","0x005A7E","TUTekenet","House Teken'ett, Delvers in Magic","House Teken'ett, Delvers in Magic",
"underdark.esm","0x0059BE","TUTekensett","House Teken'set, Delvers in Adamantite","House Teken'set, Delvers in Adamantite",
"underdark.esm","0x004BD4","TUTempleLolth","Temple of Lolth","Temple of Lolth",
"underdark.esm","0x005AEE","TUTorduis","House Torduis, Mistresses of the Whip","House Torduis, Mistresses of the Whip",
"underdark.esm","0x005B26","TUTorett","House Torett, Mistresses of Magic","House Torett, Mistresses of Magic",
"underdark.esm","0x005986","TUTorlyl","House Torlyl, Mistresses of the Blade","House Torlyl, Mistresses of the Blade",
"underdark.esm","0x0053BE","TroglodyteFaction","Troglodyte Faction","Troglodyte Faction",
,,,,,
"The Lost Spires.esp","0x02A366","ArcheologyGuild","Archeology Guild","Archeology Guild",
"The Lost Spires.esp","0x03307A","BearTrapVoidFaction","Bear Trap Void","Bear Trap Void",
"The Lost Spires.esp","0x014F11","ClearGenericDialogue","Clear Generic Dialogue","Clear Generic Dialogue",
"The Lost Spires.esp","0x035BF1","LichSpires01","Lich Spires","Lich Spires",
,,,,,
"TheElderCouncil.esp","0x01EA0D","ArenthiaBancheeNoblesfaction","Banchee Nobles faction","Banchee Nobles faction",
"TheElderCouncil.esp","0x01E9BE","ArenthiaBancheefaction","Banchee faction","Banchee faction",
"TheElderCouncil.esp","0x01F169","ArenthiaBancheefamilyfaction1","Banchee family 1 faction","Banchee family 1 faction",
"TheElderCouncil.esp","0x01F16A","ArenthiaBancheefamilyfaction2","Banchee family 2 faction","Banchee family 2 faction",
"TheElderCouncil.esp","0x01E9BD","ArenthiaCamoranFaction","Camoran Faction ","Camoran Faction ",
"TheElderCouncil.esp","0x01EA12","ArenthiaCamoranNoblefamily1Faction","Camoran Faction ","Camoran Faction ",
"TheElderCouncil.esp","0x01EA13","ArenthiaCamoranNoblefamily2Faction","Camoran Faction ","Camoran Faction ",
"TheElderCouncil.esp","0x01EA0C","ArenthiaCamoranNoblesFaction","Camoran Nobles Faction ","Camoran Nobles Faction ",
"TheElderCouncil.esp","0x027BEA","ArenthiaDagonshrine","Arenthia Dagon Shrine","Arenthia Dagon Shrine",
"TheElderCouncil.esp","0x027BDB","ArenthiaEffetyleafton","ArenthiaEffetyleafton","ArenthiaEffetyleafton",
"TheElderCouncil.esp","0x019DF2","ArenthiaFaction","Arenthia Faction","Arenthia Faction",
"TheElderCouncil.esp","0x019DF1","ArenthiaGuards","Arenthia Guard faction","Arenthia Guard faction",
"TheElderCouncil.esp","0x027B7B","ArenthiaKafiitiFamily","Arenthia Kafiiti Family","Arenthia Kafiiti Family",
"TheElderCouncil.esp","0x02365F","ArenthiaNecrofamily01","Arenthia Necromancer family 01","Arenthia Necromancer family 01",
"TheElderCouncil.esp","0x02365E","ArenthiaNecrofamily02","Arenthia Necromancer family 02","Arenthia Necromancer family 02",
"TheElderCouncil.esp","0x02365D","ArenthiaNecromancers","Arenthia Necromancers","Arenthia Necromancers",
"TheElderCouncil.esp","0x019DF3","ArenthiaPalaceFaction","Arenthia Palace Faction","Arenthia Palace Faction",
"TheElderCouncil.esp","0x03499B","ArenthiaStablesfaction","Arenthia Stables","Arenthia Stables",
"TheElderCouncil.esp","0x00238D","ImperialTaxCollectors","Tax Collectors","Tax Collectors",
"TheElderCouncil.esp","0x00A159","TECEmperorfaction","Imperial Rank","Imperial Rank",
"TheElderCouncil.esp","0x07DA99","TECTitusFaction","Titus Side","Titus Side",
"TheElderCouncil.esp","0x07DA9A","TECTitusOpposingFaction","Eddar Side","Eddar Side",
"TheElderCouncil.esp","0x07E937","TECTitusOpposingFactionEvil","Eddar Side","Eddar Side",
"TheElderCouncil.esp","0x084FFF","TECValenwoodfaction","TEC Valenwood Faction","TEC Valenwood Faction",
"TheElderCouncil.esp","0x01E1A4","TecImperialLegion","Imperial Legion","Imperial Legion",
"TheElderCouncil.esp","0x02184B","TecImperialLegionDH","Imperial Legion","Imperial Legion",
"TheElderCouncil.esp","0x02C094","TecImperialRank","Imperial Rank","Imperial Rank",
"TheElderCouncil.esp","0x00CEB2","TecMothPriests","Moth Priest Faction","Moth Priest Faction",
"TheElderCouncil.esp","0x027B65","arenthiabowinklefaction","Arenthia Bowinkle Faction","Arenthia Bowinkle Faction",
"TheElderCouncil.esp","0x027B9A","arenthiagordielontonfaction","arenthia gordie lonton faction","arenthia gordie lonton faction",
"TheElderCouncil.esp","0x027B8B","arenthiahittakinfamilyfaction","Hitta Kin Family Faction","Hitta Kin Family Faction",
"TheElderCouncil.esp","0x027BB0","arenthiaordinfamily01","arenthiaordinfamily01","arenthiaordinfamily01",
"TheElderCouncil.esp","0x027BA5","arenthisduffyfamily","Duffy Family","Duffy Family",
"TheElderCouncil.esp","0x0266D9","tecRenrijraKrin","Renrijra Krin","Renrijra Krin",
"TheElderCouncil.esp","0x027BCE","tecargoartormagefaction","Argo Artor Faction *","Argo Artor Faction *",
"TheElderCouncil.esp","0x084FFE","tecblackmarshfaction","Tec Blackmarsh Faction","Tec Blackmarsh Faction",
"TheElderCouncil.esp","0x01C73D","tecfakeshopkeeperfaction","Fake Shop Keeper Faction","Fake Shop Keeper Faction",
"TheElderCouncil.esp","0x023692","tecgreenwayfamily","Greenway family","Greenway family",
"TheElderCouncil.esp","0x027BBC","tecgretheadfamily","tecgretheadfamily","tecgretheadfamily",
"TheElderCouncil.esp","0x023688","techuntersfamily","Hunters Family","Hunters Family",
"TheElderCouncil.esp","0x060A29","tecimperialadministrators","Imperial Administrators","Imperial Administrators",
,,,,,
"TamrielTravellers.esm","0x015DA0","MPRoamingTradersFaction","MPRoamingTradersFaction","Roaming Traders Faction",
"TamrielTravellers.esm","0x00A0BA","SIRoamingTraderFaction","SIRoamingTraderFaction","Roaming Trader Faction",
,,,,,
"StarX Vanilla Vampires Revised.esp","0x001218","STXFeralVampires","Feral Vampire Faction","Feral Vampire Faction",
"StarX Vanilla Vampires Revised.esp","0x0063C2","STXHouseLeicher","House Leicher","House Leicher",
"StarX Vanilla Vampires Revised.esp","0x0034B9","STXHouseSerentinFaction","House Serentin","House Serentin",
"StarX Vanilla Vampires Revised.esp","0x004AC6","STXHunterFaction","Vampire Hunters Guild","Vampire Hunters Guild",
"StarX Vanilla Vampires Revised.esp","0x007007","STXLamaeFaction","Lamae Faction","Lamae Faction",
"StarX Vanilla Vampires Revised.esp","0x0089B9","STXLamaeThrallFaction","LamaeThrallFaction","LamaeThrallFaction",
"StarX Vanilla Vampires Revised.esp","0x00F82A","STXPCSerentinfaction","House Serentin","House Serentin",
"StarX Vanilla Vampires Revised.esp","0x002DC2","STXSerentinThrallFaction","Serentin Thrall Faction","Serentin Thrall Faction",
"StarX Vanilla Vampires Revised.esp","0x00316C","VampireVictimFaction","Vampire Victims","Vampire Victims",
,,,,,
"RTT.esp","0x003695","ZZRUINNoDefaultDialogueFaction","NO NAME",,
"RTT.esp","0x001752","ZZRUINShadowScaleFaction","NO NAME","Shadow Scale Faction",
"RTT.esp","0x001AD8","ZZRUINShadowSeekerFaction","NO NAME","Shadow Seeker Faction",
,,,,,
"Servant of the Dawn.esp","0x0166FB","1SDAngryMob","Angry Mob","Angry Mob",
"Servant of the Dawn.esp","0x031F61","1SDHighPriest","SD High Priest","High Priest",
"Servant of the Dawn.esp","0x09A92D","1SDImperialRuler","Imperial High Council","Imperial High Council",
"Servant of the Dawn.esp","0x07D24E","1SDOrderDragon","Order of the Dragon","Order of the Dragon",
"Servant of the Dawn.esp","0x051E09","1SDSkelsulathFaction","Skelsulath","Skelsulath",
,,,,,
"Origin of the Mages Guild.esp","0x008E49","KnightsofLamp","Knights of the Lamp","Knights of the Lamp",
"Origin of the Mages Guild.esp","0x08E375","CryodiilVampireClan","CryodiilVampireClan","CryodiilVampireClan",
,,,,,
"Shadowcrest_Vineyard_COBL.esp","0x02BA0C","NKFarmerFaction","Shadowfall Vineyard Resident","Shadowfall Vineyard Resident",
,,,,,
"JolardHome.esp","0x009128","JolardCreatureFaction","JolardCreatureFaction","Jolard Creature",
"JolardHome.esp","0x001C92","JolardManorFaction","JolardManorFaction1","Jolard Manor",
"JolardHome.esp","0x0059A1","JolardNineZealotFaction","Zealots of the Nine","Zealots of the Nine",
"JolardHome.esp","0x0059A0","JolardOverFatherFaction","Followers of the Over Father","Followers of the Over Father",
,,,,,
"Hammerfell.esm","0x0391F0","HfCensusandExcise","Censusand Excise","Censusand Excise",
"Hammerfell.esm","0x0398AC","HfCrastanFaction","Crastan Faction","Crastan Faction",
"Hammerfell.esm","0x0393A3","HfRihadBeggars","Rihad Beggars","Rihad Beggars",
"Hammerfell.esm","0x0393A2","HfRihadDoshenFaction","Rihad Doshen","Rihad Doshen",
"Hammerfell.esm","0x0393A0","HfRihadFaction","Rihad","Rihad",
"Hammerfell.esm","0x0393A5","HfRihadLCFaction","Rihad LC","Rihad LC",
"Hammerfell.esm","0x03939F","HfRihadLachanceFaction","Rihad Lachance","Rihad Lachance",
"Hammerfell.esm","0x0393A1","HfRihadMCFaction","Rihad MC ","Rihad MC ",
"Hammerfell.esm","0x0393A4","HfRihadUCFaction","Rihad UC","Rihad UC",
,,,,,
"Unholy Darkness.esp","0x049F9F","RogueFaction","Rogue Faction","Rogue Faction",
"Unholy Darkness.esp","0x012AB0","SilianFaction","Silian Faction","Silian Faction",
"Unholy Darkness.esp","0x0097D5","VampireFamiliarFaction","Vampire Familiar Faction","Vampire Familiar",
"Unholy Darkness.esp","0x05B0EC","VampireFriendFaction","Vampire Friend Faction","Vampire Friend",
"Unholy Darkness.esp","0x061E2B","VampireGuardFaction","Vampire Guard Faction","Vampire Guard ",
"Unholy Darkness.esp","0x01DAEF","VampireHunterFaction","Vampire Hunter Faction","Vampire Hunter ",
"Unholy Darkness.esp","0x05B0ED","VampireMerchantFaction","Vampire Merchant Faction","Vampire Merchant ",
"Unholy Darkness.esp","0x03D6EF","VampireThrallFaction","Vampire Thrall Faction","Vampire Thrall ",
"Unholy Darkness.esp","0x05D318","VampireUDPCFaction","Vampire Familiar Faction","Vampire Familiar",
